Profile,Type, sqrt_engagement , Time_Frame , Num_Viral_Posts , Followers , Quarter , Comments , Likes 
vinted,IMAGE,20.14944168, - , - , 500-1000K , 2 , 106 , 348 
vinted,IMAGE,23.55843798, - , - , 500-1000K , 2 , 106 , 348 
vinted,CAROUSEL_ALBUM,28.08914381, - , - , 500-1000K , 2 , 106 , 348 
vinted,CAROUSEL_ALBUM,24.51530134, - , - , 500-1000K , 2 , 106 , 348 
vinted,CAROUSEL_ALBUM,20.80865205, - , - , 500-1000K , 2 , 106 , 348 
vinted,IMAGE,24.22808288, - , - , 500-1000K , 2 , 106 , 348 
vinted,CAROUSEL_ALBUM,22.75961335, - , - , 500-1000K , 2 , 106 , 348 
vinted,IMAGE,20.19900988, - , - , 500-1000K , 2 , 106 , 348 
vinted,IMAGE,19.05255888, - , - , 500-1000K , 2 , 106 , 348 
vinted,CAROUSEL_ALBUM,24.87971061, - , - , 500-1000K , 2 , 106 , 348 
vinted,IMAGE,19.49358869, - , - , 500-1000K , 2 , 106 , 348 
vinted,CAROUSEL_ALBUM,18.13835715, - , - , 500-1000K , 2 , 106 , 348 
vinted,CAROUSEL_ALBUM,21.42428529, - , - , 500-1000K , 2 , 106 , 348 
vinted,IMAGE,17.05872211, - , - , 500-1000K , 2 , 106 , 348 
vinted,IMAGE,18.84144368, - , - , 500-1000K , 2 , 106 , 348 
vinted,IMAGE,22.60530911, - , - , 500-1000K , 2 , 106 , 348 
vinted,CAROUSEL_ALBUM,22.69361144, - , - , 500-1000K , 2 , 106 , 348 
vinted,CAROUSEL_ALBUM,21.47091055, - , - , 500-1000K , 2 , 106 , 348 
vinted,CAROUSEL_ALBUM, 21 , - , - , 500-1000K , 2 , 106 , 348 
vinted,IMAGE,25.29822128, - , - , 500-1000K , 2 , 106 , 348 
vinted,CAROUSEL_ALBUM, 21 , 1 , - , 500-1000K , 3 , 133 , 377 
vinted,CAROUSEL_ALBUM,18.734994, 1 , - , 500-1000K , 3 , 133 , 377 
vinted,IMAGE,22.22611077, 1 , - , 500-1000K , 3 , 133 , 377 
vinted,IMAGE,23.40939982, 1 , - , 500-1000K , 3 , 133 , 377 
vinted,CAROUSEL_ALBUM,21.04756518, 1 , - , 500-1000K , 3 , 133 , 377 
vinted,CAROUSEL_ALBUM,19.59591794, 1 , - , 500-1000K , 3 , 133 , 377 
vinted,IMAGE,17.91647287, 1 , - , 500-1000K , 3 , 133 , 377 
vinted,IMAGE,22.42766149, 1 , - , 500-1000K , 3 , 133 , 377 
vinted,IMAGE,21.09502311, 1 , - , 500-1000K , 3 , 133 , 377 
vinted,CAROUSEL_ALBUM, 21 , 1 , - , 500-1000K , 3 , 133 , 377 
vinted,IMAGE,21.9317122, 1 , - , 500-1000K , 3 , 133 , 377 
vinted,IMAGE,21.1896201, 1 , - , 500-1000K , 3 , 133 , 377 
vinted,CAROUSEL_ALBUM,20.83266666, 1 , - , 500-1000K , 3 , 133 , 377 
vinted,reel,25.47547841, 1 , - , 500-1000K , 3 , 133 , 377 
vinted,CAROUSEL_ALBUM,20.68816087, 1 , - , 500-1000K , 3 , 133 , 377 
vinted,CAROUSEL_ALBUM,19.6977156, 1 , - , 500-1000K , 3 , 133 , 377 
vinted,CAROUSEL_ALBUM, 22 , 1 , - , 500-1000K , 3 , 133 , 377 
vinted,IMAGE,23.85372088, 1 , - , 500-1000K , 3 , 133 , 377 
vinted,IMAGE,20.51828453, 1 , - , 500-1000K , 3 , 133 , 377 
vinted,CAROUSEL_ALBUM,22.29349681, 1 , - , 500-1000K , 3 , 133 , 377 
stockx,reel,45.96737974, - , - , 2000K+ , 2 , 96 ," 6,937 "
stockx,reel,53.09425581, - , - , 2000K+ , 2 , 96 ," 6,937 "
stockx,reel,69.68500556, - , - , 2000K+ , 2 , 96 ," 6,937 "
stockx,reel, 41 , - , - , 2000K+ , 2 , 96 ," 6,937 "
stockx,reel,65.91661399, - , - , 2000K+ , 2 , 96 ," 6,937 "
stockx,reel,45.98912915, - , - , 2000K+ , 2 , 96 ," 6,937 "
stockx,CAROUSEL_ALBUM,60.99180273, - , - , 2000K+ , 2 , 96 ," 6,937 "
stockx,reel,51.94227565, - , - , 2000K+ , 2 , 96 ," 6,937 "
stockx,reel,43.79497688, - , - , 2000K+ , 2 , 96 ," 6,937 "
stockx,reel,55.75840744, - , - , 2000K+ , 2 , 96 ," 6,937 "
stockx,reel,60.74537019, - , - , 2000K+ , 2 , 96 ," 6,937 "
stockx,reel,39.35733731, - , - , 2000K+ , 2 , 96 ," 6,937 "
stockx,reel,45.38722287, - , - , 2000K+ , 2 , 96 ," 6,937 "
stockx,reel,71.81225522, - , - , 2000K+ , 2 , 96 ," 6,937 "
stockx,reel,66.16645676, - , - , 2000K+ , 3 ," 1,127 "," 10,090 "
stockx,reel,38.13135193, - , - , 2000K+ , 3 ," 1,127 "," 10,090 "
stockx,CAROUSEL_ALBUM,45.5521679, - , - , 2000K+ , 3 ," 1,127 "," 10,090 "
stockx,reel,40.17461885, - , - , 2000K+ , 3 ," 1,127 "," 10,090 "
stockx,reel,40.19950248, - , - , 2000K+ , 3 ," 1,127 "," 10,090 "
stockx,reel,83.08429454, - , - , 2000K+ , 3 ," 1,127 "," 10,090 "
stockx,reel,41.12177039, 1 , - , 2000K+ , 3 ," 1,127 "," 10,090 "
stockx,reel,38.88444419, 1 , - , 2000K+ , 3 ," 1,127 "," 10,090 "
stockx,reel,61.72519745, 1 , - , 2000K+ , 3 ," 1,127 "," 10,090 "
stockx,reel,50.97057975, 1 , - , 2000K+ , 3 ," 1,127 "," 10,090 "
stockx,reel,58.84725992, 1 , - , 2000K+ , 3 ," 1,127 "," 10,090 "
stockx,reel,58.14636704, 1 , - , 2000K+ , 3 ," 1,127 "," 10,090 "
stockx,CAROUSEL_ALBUM, 6 , 1 , - , 2000K+ , 3 ," 1,127 "," 10,090 "
stockx,reel,53.44155686, 1 , - , 2000K+ , 3 ," 1,127 "," 10,090 "
stockx,reel,54.99090834, 1 , - , 2000K+ , 3 ," 1,127 "," 10,090 "
stockx,reel,62.15303693, 1 , - , 2000K+ , 3 ," 1,127 "," 10,090 "
stockx,reel,52.06726419, 1 , - , 2000K+ , 3 ," 1,127 "," 10,090 "
stockx,reel, 64 , 1 , - , 2000K+ , 3 ," 1,127 "," 10,090 "
stockx,reel,41.86884283, 1 , - , 2000K+ , 3 ," 1,127 "," 10,090 "
stockx,reel, 49 , 1 , - , 2000K+ , 3 ," 1,127 "," 10,090 "
stockx,reel,68.33739825, 1 , - , 2000K+ , 3 ," 1,127 "," 10,090 "
stockx,reel,43.49712634, 1 , - , 2000K+ , 3 ," 1,127 "," 10,090 "
stockx,reel,58.5918083, 1 , - , 2000K+ , 3 ," 1,127 "," 10,090 "
stockx,reel,45.72745346, 1 , - , 2000K+ , 3 ," 1,127 "," 10,090 "
stockx,reel,65.11528238, 1 , - , 2000K+ , 3 ," 1,127 "," 10,090 "
stockx,reel,41.47288271, 1 , - , 2000K+ , 3 ," 1,127 "," 10,090 "
lenskart,CAROUSEL_ALBUM,35.04283094, - , - , 1000-1500K , 3 , 10 , 752 
lenskart,reel,66.73080248, - , - , 1000-1500K , 3 , 10 , 752 
lenskart,CAROUSEL_ALBUM,45.80392996, - , - , 1000-1500K , 3 , 10 , 752 
lenskart,reel,33.45145737, - , - , 1000-1500K , 3 , 10 , 752 
lenskart,CAROUSEL_ALBUM,34.40930107, - , - , 1000-1500K , 3 , 10 , 752 
lenskart,CAROUSEL_ALBUM,31.96873473, - , - , 1000-1500K , 3 , 10 , 752 
lenskart,reel,20.02498439, - , - , 1000-1500K , 3 , 10 , 752 
lenskart,reel,21.9089023, - , - , 1000-1500K , 3 , 10 , 752 
lenskart,reel,23.2594067, - , - , 1000-1500K , 3 , 10 , 752 
lenskart,reel,19.5192213, - , - , 1000-1500K , 3 , 10 , 752 
lenskart,reel,21.07130751, - , - , 1000-1500K , 3 , 10 , 752 
lenskart,reel,28.87905816, - , - , 1000-1500K , 3 , 10 , 752 
lenskart,reel,23.47338919, - , - , 1000-1500K , 3 , 10 , 752 
lenskart,CAROUSEL_ALBUM,26.4952826, - , - , 1000-1500K , 3 , 10 , 752 
lenskart,CAROUSEL_ALBUM,28.94822965, - , - , 1000-1500K , 3 , 10 , 752 
lenskart,CAROUSEL_ALBUM,22.24859546, - , - , 1000-1500K , 3 , 10 , 752 
lenskart,reel,21.37755833, - , - , 1000-1500K , 3 , 10 , 752 
lenskart,CAROUSEL_ALBUM,23.10844002, - , - , 1000-1500K , 3 , 10 , 752 
lenskart,IMAGE,22.93468988, - , - , 1000-1500K , 3 , 10 , 752 
lenskart,CAROUSEL_ALBUM,31.65438358, - , - , 1000-1500K , 3 , 10 , 752 
lenskart,reel,18.78829423, 1 , - , 1000-1500K , 3 , 10 , 752 
lenskart,reel,20.83266666, 1 , - , 1000-1500K , 3 , 10 , 752 
lenskart,reel,7.348469228, 1 , - , 1000-1500K , 3 , 10 , 752 
lenskart,IMAGE,19.05255888, 1 , - , 1000-1500K , 3 , 10 , 752 
lenskart,CAROUSEL_ALBUM, 17 , 1 , - , 1000-1500K , 3 , 10 , 752 
lenskart,reel,16.43167673, 1 , - , 1000-1500K , 3 , 10 , 752 
lenskart,CAROUSEL_ALBUM,15.71623365, 1 , - , 1000-1500K , 3 , 10 , 752 
lenskart,reel, 16 , 1 , - , 1000-1500K , 3 , 10 , 752 
lenskart,CAROUSEL_ALBUM,31.84336666, 1 , - , 1000-1500K , 3 , 10 , 752 
lenskart,reel,18.35755975, 1 , - , 1000-1500K , 3 , 10 , 752 
lenskart,IMAGE,15.32970972, 1 , - , 1000-1500K , 3 , 10 , 752 
lenskart,CAROUSEL_ALBUM,24.06241883, 1 , - , 1000-1500K , 3 , 10 , 752 
lenskart,IMAGE,18.52025918, 1 , - , 1000-1500K , 3 , 10 , 752 
lenskart,reel,14.89966443, 1 , - , 1000-1500K , 3 , 10 , 752 
lenskart,IMAGE, 16 , 1 , - , 1000-1500K , 3 , 10 , 752 
lenskart,reel,30.33150178, 1 , - , 1000-1500K , 3 , 10 , 752 
lenskart,CAROUSEL_ALBUM, 20 , 1 , - , 1000-1500K , 3 , 10 , 752 
lenskart,CAROUSEL_ALBUM,22.60530911, 1 , - , 1000-1500K , 3 , 10 , 752 
lenskart,reel,18.49324201, 1 , - , 1000-1500K , 3 , 10 , 752 
lenskart,IMAGE,20.97617696, 1 , - , 1000-1500K , 3 , 10 , 752 
mejuri,CAROUSEL_ALBUM,31.93743885, - , - , 1000-1500K , 3 , 28 ," 2,170 "
mejuri,reel,24.43358345, - , - , 1000-1500K , 3 , 28 ," 2,170 "
mejuri,reel,42.21374184, - , - , 1000-1500K , 3 , 28 ," 2,170 "
mejuri,IMAGE,39.9374511, - , - , 1000-1500K , 3 , 28 ," 2,170 "
mejuri,reel,46.7653718, - , - , 1000-1500K , 3 , 28 ," 2,170 "
mejuri,CAROUSEL_ALBUM,23.87467277, - , - , 1000-1500K , 3 , 28 ," 2,170 "
mejuri,CAROUSEL_ALBUM, 35 , - , - , 1000-1500K , 3 , 28 ," 2,170 "
mejuri,CAROUSEL_ALBUM,28.87905816, - , - , 1000-1500K , 3 , 28 ," 2,170 "
mejuri,reel,24.57641145, - , - , 1000-1500K , 3 , 28 ," 2,170 "
mejuri,reel,54.62600113, - , - , 1000-1500K , 3 , 28 ," 2,170 "
mejuri,reel,30.46309242, - , - , 1000-1500K , 3 , 28 ," 2,170 "
mejuri,CAROUSEL_ALBUM,37.33630941, - , - , 1000-1500K , 3 , 28 ," 2,170 "
mejuri,IMAGE,30.5777697, - , - , 1000-1500K , 3 , 28 ," 2,170 "
mejuri,CAROUSEL_ALBUM,29.93325909, - , - , 1000-1500K , 3 , 28 ," 2,170 "
mejuri,reel,23.28089345, - , - , 1000-1500K , 3 , 28 ," 2,170 "
mejuri,IMAGE,26.2488095, - , - , 1000-1500K , 3 , 28 ," 2,170 "
mejuri,CAROUSEL_ALBUM,31.591138, - , - , 1000-1500K , 3 , 28 ," 2,170 "
mejuri,reel,23.47338919, - , - , 1000-1500K , 3 , 28 ," 2,170 "
mejuri,reel,34.0881211, - , - , 1000-1500K , 3 , 28 ," 2,170 "
mejuri,reel,25.61249695, - , - , 1000-1500K , 3 , 28 ," 2,170 "
mejuri,CAROUSEL_ALBUM,27.74887385, 1 , - , 1000-1500K , 3 , 28 ," 2,170 "
mejuri,CAROUSEL_ALBUM,54.77225575, 1 , - , 1000-1500K , 3 , 28 ," 2,170 "
mejuri,IMAGE,45.09988914, 1 , - , 1000-1500K , 3 , 28 ," 2,170 "
mejuri,reel,27.20294102, 1 , - , 1000-1500K , 3 , 28 ," 2,170 "
mejuri,IMAGE,36.78314832, 1 , - , 1000-1500K , 3 , 28 ," 2,170 "
mejuri,reel,38.09199391, 1 , - , 1000-1500K , 3 , 28 ," 2,170 "
mejuri,CAROUSEL_ALBUM,39.40812099, 1 , - , 1000-1500K , 3 , 28 ," 2,170 "
mejuri,reel,29.42787794, 1 , - , 1000-1500K , 3 , 28 ," 2,170 "
mejuri,CAROUSEL_ALBUM,28.44292531, 1 , - , 1000-1500K , 3 , 28 ," 2,170 "
mejuri,IMAGE,23.32380758, 1 , - , 1000-1500K , 3 , 28 ," 2,170 "
mejuri,IMAGE,23.60084744, 1 , - , 1000-1500K , 3 , 28 ," 2,170 "
mejuri,IMAGE,24.08318916, 1 , - , 1000-1500K , 3 , 28 ," 2,170 "
mejuri,reel,72.22880312, 1 , - , 1000-1500K , 3 , 28 ," 2,170 "
mejuri,reel, 44 , 1 , - , 1000-1500K , 3 , 28 ," 2,170 "
mejuri,reel,22.15851981, 1 , - , 1000-1500K , 3 , 28 ," 2,170 "
mejuri,CAROUSEL_ALBUM, 32 , 1 , - , 1000-1500K , 3 , 28 ," 2,170 "
mejuri,CAROUSEL_ALBUM,27.25802634, 1 , - , 1000-1500K , 3 , 28 ," 2,170 "
mejuri,reel,36.41428291, 1 , - , 1000-1500K , 3 , 28 ," 2,170 "
mejuri,CAROUSEL_ALBUM,33.54101966, 1 , - , 1000-1500K , 3 , 28 ," 2,170 "
mejuri,reel,24.06241883, 1 , - , 1000-1500K , 3 , 28 ," 2,170 "
veja,reel,54.09251335, - , - , 1000-1500K , 3 , 35 ," 3,330 "
veja,IMAGE,67.11929678, - , - , 1000-1500K , 3 , 35 ," 3,330 "
veja,IMAGE,76.66811593, - , - , 1000-1500K , 3 , 35 ," 3,330 "
veja,IMAGE,45.37620522, - , - , 1000-1500K , 3 , 35 ," 3,330 "
veja,CAROUSEL_ALBUM, 97 , - , - , 1000-1500K , 3 , 35 ," 3,330 "
veja,IMAGE,84.53993139, - , - , 1000-1500K , 3 , 35 ," 3,330 "
veja,CAROUSEL_ALBUM, 66 , - , - , 1000-1500K , 3 , 35 ," 3,330 "
veja,CAROUSEL_ALBUM,37.33630941, - , - , 1000-1500K , 3 , 35 ," 3,330 "
veja,CAROUSEL_ALBUM,31.17691454, - , - , 1000-1500K , 3 , 35 ," 3,330 "
veja,CAROUSEL_ALBUM,30.33150178, - , - , 1000-1500K , 3 , 35 ," 3,330 "
veja,IMAGE,73.61385739, - , - , 1000-1500K , 3 , 35 ," 3,330 "
veja,CAROUSEL_ALBUM,41.41255848, - , - , 1000-1500K , 3 , 35 ," 3,330 "
veja,IMAGE,33.28663395, - , - , 1000-1500K , 3 , 35 ," 3,330 "
veja,CAROUSEL_ALBUM,27.60434748, - , - , 1000-1500K , 3 , 35 ," 3,330 "
veja,IMAGE,93.22553298, - , - , 1000-1500K , 3 , 35 ," 3,330 "
veja,CAROUSEL_ALBUM,22.8035085, - , - , 1000-1500K , 3 , 35 ," 3,330 "
veja,CAROUSEL_ALBUM,91.1811384, - , - , 1000-1500K , 3 , 35 ," 3,330 "
veja,IMAGE, 67 , - , - , 1000-1500K , 3 , 35 ," 3,330 "
veja,IMAGE, 64 , - , - , 1000-1500K , 3 , 35 ," 3,330 "
veja,CAROUSEL_ALBUM,35.08560959, - , - , 1000-1500K , 3 , 35 ," 3,330 "
veja,CAROUSEL_ALBUM,48.06245936, 1 , - , 1000-1500K , 3 , 35 ," 3,330 "
veja,IMAGE,29.22327839, 1 , - , 1000-1500K , 3 , 35 ," 3,330 "
veja,CAROUSEL_ALBUM,45.033321, 1 , - , 1000-1500K , 3 , 35 ," 3,330 "
veja,IMAGE,77.85884664, 1 , - , 1000-1500K , 3 , 35 ," 3,330 "
veja,CAROUSEL_ALBUM,23.8117618, 1 , - , 1000-1500K , 3 , 35 ," 3,330 "
veja,IMAGE,41.48493703, 1 , - , 1000-1500K , 3 , 35 ," 3,330 "
veja,IMAGE,73.25298629, 1 , - , 1000-1500K , 3 , 35 ," 3,330 "
veja,CAROUSEL_ALBUM,70.12132343, 1 , - , 1000-1500K , 3 , 35 ," 3,330 "
veja,CAROUSEL_ALBUM,56.75385449, 1 , - , 1000-1500K , 3 , 35 ," 3,330 "
veja,reel,39.49683532, 1 , - , 1000-1500K , 3 , 35 ," 3,330 "
veja,CAROUSEL_ALBUM,39.8246155, 1 , - , 1000-1500K , 3 , 35 ," 3,330 "
veja,IMAGE,79.5298686, 1 , - , 1000-1500K , 3 , 35 ," 3,330 "
veja,CAROUSEL_ALBUM,35.91656999, 1 , - , 1000-1500K , 3 , 35 ," 3,330 "
veja,IMAGE,80.4673847, 1 , - , 1000-1500K , 3 , 35 ," 3,330 "
veja,CAROUSEL_ALBUM,90.4157066, 1 , - , 1000-1500K , 3 , 35 ," 3,330 "
veja,CAROUSEL_ALBUM,51.27377497, 1 , - , 1000-1500K , 3 , 35 ," 3,330 "
veja,CAROUSEL_ALBUM,65.81033354, 1 , - , 1000-1500K , 3 , 35 ," 3,330 "
veja,IMAGE, 75 , 1 , - , 1000-1500K , 3 , 35 ," 3,330 "
veja,IMAGE,49.24428901, 1 , - , 1000-1500K , 3 , 35 ," 3,330 "
veja,CAROUSEL_ALBUM,39.35733731, 1 , - , 1000-1500K , 3 , 35 ," 3,330 "
rixo,reel,20.5669638, - , - , 0-500K , 3 , 6 , 444 
rixo,IMAGE,13.45362405, - , - , 0-500K , 3 , 6 , 444 
rixo,IMAGE,14.89966443, - , - , 0-500K , 3 , 6 , 444 
rixo,IMAGE,15.62049935, - , - , 0-500K , 3 , 6 , 444 
rixo,IMAGE, 15 , - , - , 0-500K , 3 , 6 , 444 
rixo,IMAGE,25.96150997, - , - , 0-500K , 3 , 6 , 444 
rixo,IMAGE,18.68154169, - , - , 0-500K , 3 , 6 , 444 
rixo,IMAGE,9.797958971, - , - , 0-500K , 3 , 6 , 444 
rixo,reel, 14 , - , - , 0-500K , 3 , 6 , 444 
rixo,CAROUSEL_ALBUM,9.591663047, - , - , 0-500K , 3 , 6 , 444 
rixo,CAROUSEL_ALBUM,11.95826074, - , - , 0-500K , 3 , 6 , 444 
rixo,IMAGE,15.23154621, - , - , 0-500K , 3 , 6 , 444 
rixo,IMAGE,12.12435565, - , - , 0-500K , 3 , 6 , 444 
rixo,IMAGE,9.273618495, - , - , 0-500K , 3 , 6 , 444 
rixo,IMAGE,27.16615541, - , - , 0-500K , 3 , 6 , 444 
rixo,IMAGE,11.53256259, - , - , 0-500K , 3 , 6 , 444 
rixo,CAROUSEL_ALBUM,17.66352173, - , - , 0-500K , 3 , 6 , 444 
rixo,CAROUSEL_ALBUM,22.89104628, - , - , 0-500K , 3 , 6 , 444 
rixo,IMAGE,10.86278049, - , - , 0-500K , 3 , 6 , 444 
rixo,IMAGE, 9 , - , - , 0-500K , 3 , 6 , 444 
rixo,IMAGE,8.831760866, 1 , - , 0-500K , 3 , 6 , 444 
rixo,IMAGE,13.45362405, 1 , - , 0-500K , 3 , 6 , 444 
rixo,IMAGE,11.95826074, 1 , - , 0-500K , 3 , 6 , 444 
rixo,IMAGE,7.483314774, 1 , - , 0-500K , 3 , 6 , 444 
rixo,reel,21.04756518, 1 , - , 0-500K , 3 , 6 , 444 
rixo,CAROUSEL_ALBUM, 14 , 1 , - , 0-500K , 3 , 6 , 444 
rixo,IMAGE,8.831760866, 1 , - , 0-500K , 3 , 6 , 444 
rixo,reel, 14 , 1 , - , 0-500K , 3 , 6 , 444 
rixo,CAROUSEL_ALBUM,13.92838828, 1 , - , 0-500K , 3 , 6 , 444 
rixo,IMAGE,10.19803903, 1 , - , 0-500K , 3 , 6 , 444 
rixo,IMAGE,20.97617696, 1 , - , 0-500K , 3 , 6 , 444 
rixo,IMAGE,19.02629759, 1 , - , 0-500K , 3 , 6 , 444 
rixo,CAROUSEL_ALBUM,23.70653918, 1 , - , 0-500K , 3 , 6 , 444 
rixo,IMAGE,12.76714533, 1 , - , 0-500K , 3 , 6 , 444 
rixo,CAROUSEL_ALBUM, 16 , 1 , - , 0-500K , 3 , 6 , 444 
rixo,reel,14.14213562, 1 , - , 0-500K , 3 , 6 , 444 
rixo,CAROUSEL_ALBUM,11.83215957, 1 , - , 0-500K , 3 , 6 , 444 
rixo,IMAGE, 12 , 1 , - , 0-500K , 3 , 6 , 444 
rixo,IMAGE,15.62049935, 1 , - , 0-500K , 3 , 6 , 444 
rixo,IMAGE,10.09950494, 1 , - , 0-500K , 3 , 6 , 444 
rixo,IMAGE,15.90597372, - , - , 0-500K , 2 , 6 , 351 
rixo,IMAGE, 9 , - , - , 0-500K , 2 , 6 , 351 
rixo,CAROUSEL_ALBUM,18.60107524, - , - , 0-500K , 2 , 6 , 351 
rixo,IMAGE,12.76714533, - , - , 0-500K , 2 , 6 , 351 
rixo,reel,12.489996, - , - , 0-500K , 2 , 6 , 351 
rixo,IMAGE,10.04987562, - , - , 0-500K , 2 , 6 , 351 
rixo,CAROUSEL_ALBUM,13.85640646, - , - , 0-500K , 2 , 6 , 351 
rixo,CAROUSEL_ALBUM,22.53885534, - , - , 0-500K , 2 , 6 , 351 
rixo,IMAGE,13.37908816, - , - , 0-500K , 2 , 6 , 351 
rixo,CAROUSEL_ALBUM,8.602325267, - , - , 0-500K , 2 , 6 , 351 
rixo,IMAGE,17.72004515, - , - , 0-500K , 2 , 6 , 351 
rixo,IMAGE,11.95826074, - , - , 0-500K , 2 , 6 , 351 
rixo,IMAGE,12.28820573, - , - , 0-500K , 2 , 6 , 351 
rixo,IMAGE,10.44030651, - , - , 0-500K , 2 , 6 , 351 
rixo,reel,12.52996409, - , - , 0-500K , 2 , 6 , 351 
rixo,CAROUSEL_ALBUM,25.51470164, - , - , 0-500K , 2 , 6 , 351 
rixo,reel,15.16575089, - , - , 0-500K , 2 , 6 , 351 
rixo,CAROUSEL_ALBUM,11.26942767, - , - , 0-500K , 2 , 6 , 351 
rixo,CAROUSEL_ALBUM, 14 , - , - , 0-500K , 2 , 6 , 351 
rixo,CAROUSEL_ALBUM,17.23368794, - , - , 0-500K , 2 , 6 , 351 
rixo,CAROUSEL_ALBUM,14.6628783, 1 , - , 0-500K , 2 , 6 , 351 
rixo,CAROUSEL_ALBUM,17.97220076, 1 , - , 0-500K , 2 , 6 , 351 
rixo,CAROUSEL_ALBUM,18.84144368, 1 , - , 0-500K , 2 , 6 , 351 
rixo,CAROUSEL_ALBUM,13.34166406, 1 , - , 0-500K , 2 , 6 , 351 
rixo,reel,28.65309756, 1 , - , 0-500K , 2 , 6 , 351 
rixo,reel,22.5166605, 1 , - , 0-500K , 2 , 6 , 351 
rixo,IMAGE,14.07124728, 1 , - , 0-500K , 2 , 6 , 351 
rixo,IMAGE,18.62793601, 1 , - , 0-500K , 2 , 6 , 351 
rixo,CAROUSEL_ALBUM,13.3041347, 1 , - , 0-500K , 2 , 6 , 351 
rixo,IMAGE,17.57839583, 1 , - , 0-500K , 2 , 6 , 351 
rixo,IMAGE,11.95826074, 1 , - , 0-500K , 2 , 6 , 351 
rixo,IMAGE,12.56980509, 1 , - , 0-500K , 2 , 6 , 351 
rixo,reel,13.6381817, 1 , - , 0-500K , 2 , 6 , 351 
rixo,CAROUSEL_ALBUM,12.80624847, 1 , - , 0-500K , 2 , 6 , 351 
rixo,IMAGE,15.03329638, 1 , - , 0-500K , 2 , 6 , 351 
rixo,CAROUSEL_ALBUM,24.65765601, 1 , - , 0-500K , 2 , 6 , 351 
rixo,reel,13.96424004, 1 , - , 0-500K , 2 , 6 , 351 
rixo,IMAGE,19.72308292, 1 , - , 0-500K , 2 , 6 , 351 
rixo,CAROUSEL_ALBUM, 11 , 1 , - , 0-500K , 2 , 6 , 351 
rixo,IMAGE, 18 , 1 , - , 0-500K , 2 , 6 , 351 
printful,reel,17.8325545, - , - , 0-500K , 3 , 132 , 149 
printful,reel,18.11077028, - , - , 0-500K , 3 , 132 , 149 
printful,reel, 7 , - , - , 0-500K , 3 , 132 , 149 
printful,reel,12.04159458, - , - , 0-500K , 3 , 132 , 149 
printful,reel,6.8556546, - , - , 0-500K , 3 , 132 , 149 
printful,reel,7.211102551, - , - , 0-500K , 3 , 132 , 149 
printful,reel, 16 , - , - , 0-500K , 3 , 132 , 149 
printful,reel,21.65640783, - , - , 0-500K , 3 , 132 , 149 
printful,reel,9.327379053, - , - , 0-500K , 3 , 132 , 149 
printful,reel,14.59451952, - , - , 0-500K , 3 , 132 , 149 
printful,IMAGE,7.483314774, - , - , 0-500K , 3 , 132 , 149 
printful,reel,7.483314774, - , - , 0-500K , 3 , 132 , 149 
printful,CAROUSEL_ALBUM,15.26433752, - , - , 0-500K , 4 , 5 , 737 
printful,reel,9.486832981, - , - , 0-500K , 4 , 5 , 737 
printful,CAROUSEL_ALBUM,10.63014581, - , - , 0-500K , 4 , 5 , 737 
printful,CAROUSEL_ALBUM, 8 , - , - , 0-500K , 4 , 5 , 737 
printful,reel,12.36931688, - , - , 0-500K , 4 , 5 , 737 
printful,reel,20.29778313, - , - , 0-500K , 4 , 5 , 737 
printful,reel,7.280109889, - , - , 0-500K , 4 , 5 , 737 
printful,CAROUSEL_ALBUM,14.79864859, - , - , 0-500K , 4 , 5 , 737 
printful,reel, 8 , 1 , - , 0-500K , 4 , 5 , 737 
printful,IMAGE, 8 , 1 , - , 0-500K , 4 , 5 , 737 
printful,reel,30.03331484, 1 , - , 0-500K , 4 , 5 , 737 
printful,CAROUSEL_ALBUM,7.810249676, 1 , - , 0-500K , 4 , 5 , 737 
printful,reel,22.49444376, 1 , - , 0-500K , 4 , 5 , 737 
printful,reel, 7 , 1 , - , 0-500K , 4 , 5 , 737 
printful,reel,16.15549442, 1 , - , 0-500K , 4 , 5 , 737 
printful,CAROUSEL_ALBUM,7.071067812, 1 , - , 0-500K , 4 , 5 , 737 
printful,reel,7.681145748, 1 , - , 0-500K , 4 , 5 , 737 
printful,reel,8.888194417, 1 , - , 0-500K , 4 , 5 , 737 
printful,reel,8.366600265, 1 , - , 0-500K , 4 , 5 , 737 
printful,CAROUSEL_ALBUM,5.567764363, 1 , - , 0-500K , 4 , 5 , 737 
printful,CAROUSEL_ALBUM,12.52996409, 1 , - , 0-500K , 4 , 5 , 737 
printful,IMAGE, 7 , 1 , - , 0-500K , 4 , 5 , 737 
printful,CAROUSEL_ALBUM,6.08276253, 1 , - , 0-500K , 4 , 5 , 737 
printful,reel,11.78982612, 1 , - , 0-500K , 4 , 5 , 737 
printful,reel,7.071067812, 1 , - , 0-500K , 4 , 5 , 737 
printful,CAROUSEL_ALBUM,5.830951895, 1 , - , 0-500K , 4 , 5 , 737 
printful,IMAGE,9.539392014, 1 , - , 0-500K , 4 , 5 , 737 
printful,IMAGE,5.477225575, 1 , - , 0-500K , 4 , 5 , 737 
printful,CAROUSEL_ALBUM, 9 , - , - , 0-500K , 2 , 6 , 172 
printful,reel,14.62873884, - , - , 0-500K , 3 , 132 , 149 
printful,reel,9.486832981, - , - , 0-500K , 3 , 132 , 149 
printful,CAROUSEL_ALBUM,9.591663047, - , - , 0-500K , 3 , 132 , 149 
printful,reel,18.97366596, - , - , 0-500K , 3 , 132 , 149 
printful,reel,9.219544457, - , - , 0-500K , 3 , 132 , 149 
printful,reel,26.40075756, - , - , 0-500K , 3 , 132 , 149 
printful,reel,20.73644135, - , - , 0-500K , 3 , 132 , 149 
printful,reel,17.2626765, - , - , 0-500K , 3 , 132 , 149 
printful,reel,13.60147051, - , - , 0-500K , 3 , 132 , 149 
printful,reel,14.83239697, - , - , 0-500K , 3 , 132 , 149 
printful,reel,14.83239697, - , - , 0-500K , 3 , 132 , 149 
printful,reel,16.64331698, - , - , 0-500K , 3 , 132 , 149 
printful,reel, 7 , - , - , 0-500K , 3 , 132 , 149 
printful,reel,14.93318452, - , - , 0-500K , 3 , 132 , 149 
printful,reel,15.49193338, - , - , 0-500K , 3 , 132 , 149 
printful,reel,11.74734012, - , - , 0-500K , 3 , 132 , 149 
printful,CAROUSEL_ALBUM, 9 , - , - , 0-500K , 3 , 132 , 149 
printful,reel,11.78982612, - , - , 0-500K , 3 , 132 , 149 
printful,reel, 7 , - , - , 0-500K , 3 , 132 , 149 
printful,reel,16.61324773, 1 , - , 0-500K , 3 , 132 , 149 
printful,reel,10.09950494, 1 , - , 0-500K , 3 , 132 , 149 
printful,CAROUSEL_ALBUM,7.681145748, 1 , - , 0-500K , 3 , 132 , 149 
printful,CAROUSEL_ALBUM,11.13552873, 1 , - , 0-500K , 3 , 132 , 149 
printful,reel, 10 , 1 , - , 0-500K , 3 , 132 , 149 
printful,reel,17.8325545, 1 , - , 0-500K , 3 , 132 , 149 
printful,reel,11.26942767, 1 , - , 0-500K , 3 , 132 , 149 
printful,reel,9.539392014, 1 , - , 0-500K , 3 , 132 , 149 
printful,reel,3.872983346, 1 , - , 0-500K , 3 , 132 , 149 
printful,reel,10.58300524, 1 , - , 0-500K , 3 , 132 , 149 
printful,CAROUSEL_ALBUM,15.71623365, 1 , - , 0-500K , 3 , 132 , 149 
printful,CAROUSEL_ALBUM,14.6628783, 1 , - , 0-500K , 3 , 132 , 149 
printful,CAROUSEL_ALBUM,9.055385138, 1 , - , 0-500K , 3 , 132 , 149 
printful,reel, 8 , 1 , - , 0-500K , 3 , 132 , 149 
printful,reel,17.08800749, 1 , - , 0-500K , 3 , 132 , 149 
printful,reel,9.539392014, 1 , - , 0-500K , 3 , 132 , 149 
printful,reel, 14 , 1 , - , 0-500K , 3 , 132 , 149 
printful,reel,10.90871211, 1 , - , 0-500K , 3 , 132 , 149 
printful,reel,13.07669683, 1 , - , 0-500K , 3 , 132 , 149 
printful,reel,9.486832981, 1 , - , 0-500K , 3 , 132 , 149 
skims,reel,123.7376256, - , - , 2000K+ , 3 , 206 ," 26,121 "
skims,reel,123.7416664, - , - , 2000K+ , 3 , 206 ," 26,121 "
skims,reel,60.5309838, - , - , 2000K+ , 3 , 206 ," 26,121 "
skims,reel,75.94076639, - , - , 2000K+ , 3 , 206 ," 26,121 "
skims,reel,65.22269544, - , - , 2000K+ , 3 , 206 ," 26,121 "
skims,reel,117.5031914, - , - , 2000K+ , 3 , 206 ," 26,121 "
skims,reel,68.87670143, - , - , 2000K+ , 3 , 206 ," 26,121 "
skims,reel,52.1823725, - , - , 2000K+ , 3 , 206 ," 26,121 "
skims,reel, 66 , - , - , 2000K+ , 3 , 206 ," 26,121 "
skims,reel,173.031789, - , - , 2000K+ , 3 , 206 ," 26,121 "
skims,reel,86.61985915, - , - , 2000K+ , 3 , 206 ," 26,121 "
skims,CAROUSEL_ALBUM,102.2448043, - , - , 2000K+ , 3 , 206 ," 26,121 "
skims,IMAGE,61.99193496, - , - , 2000K+ , 3 , 206 ," 26,121 "
skims,reel,139.7175723, - , - , 2000K+ , 3 , 206 ," 26,121 "
skims,CAROUSEL_ALBUM,80.69076775, - , - , 2000K+ , 3 , 206 ," 26,121 "
skims,reel,87.16077099, - , - , 2000K+ , 3 , 206 ," 26,121 "
skims,CAROUSEL_ALBUM,53.87949517, - , - , 2000K+ , 3 , 206 ," 26,121 "
skims,IMAGE,70.73188814, - , - , 2000K+ , 3 , 206 ," 26,121 "
skims,reel, 83 , - , - , 2000K+ , 3 , 206 ," 26,121 "
skims,CAROUSEL_ALBUM,51.45872132, - , - , 2000K+ , 3 , 206 ," 26,121 "
skims,reel,64.43601477, 1 , - , 2000K+ , 3 , 206 ," 26,121 "
skims,CAROUSEL_ALBUM,71.65193647, 1 , - , 2000K+ , 3 , 206 ," 26,121 "
skims,reel,126.9369922, 1 , - , 2000K+ , 3 , 206 ," 26,121 "
skims,CAROUSEL_ALBUM,64.16385275, 1 , - , 2000K+ , 3 , 206 ," 26,121 "
skims,reel,88.50988645, 1 , - , 2000K+ , 3 , 206 ," 26,121 "
skims,CAROUSEL_ALBUM,62.05642594, 1 , - , 2000K+ , 3 , 206 ," 26,121 "
skims,CAROUSEL_ALBUM,53.36665626, 1 , - , 2000K+ , 3 , 206 ," 26,121 "
skims,reel, 80 , 1 , - , 2000K+ , 3 , 206 ," 26,121 "
skims,CAROUSEL_ALBUM,48.49742261, 1 , - , 2000K+ , 3 , 206 ," 26,121 "
skims,reel,59.48949487, 1 , - , 2000K+ , 3 , 206 ," 26,121 "
skims,CAROUSEL_ALBUM,42.40283009, 1 , - , 2000K+ , 3 , 206 ," 26,121 "
skims,CAROUSEL_ALBUM,53.76802024, 1 , - , 2000K+ , 3 , 206 ," 26,121 "
skims,reel,83.92854103, 1 , - , 2000K+ , 3 , 206 ," 26,121 "
skims,IMAGE,57.72347876, 1 , - , 2000K+ , 3 , 206 ," 26,121 "
skims,reel,52.27810249, 1 , - , 2000K+ , 3 , 206 ," 26,121 "
skims,CAROUSEL_ALBUM,43.87482194, 1 , - , 2000K+ , 3 , 206 ," 26,121 "
skims,reel,112.3476747, 1 , - , 2000K+ , 3 , 206 ," 26,121 "
skims,reel,78.75912646, 1 , - , 2000K+ , 3 , 206 ," 26,121 "
skims,reel,57.7754273, 1 , - , 2000K+ , 3 , 206 ," 26,121 "
skims,CAROUSEL_ALBUM,81.65169931, 1 , - , 2000K+ , 3 , 206 ," 26,121 "
skims,reel, 85 , - , - , 2000K+ , 3 , 206 ," 26,121 "
skims,CAROUSEL_ALBUM,56.30275304, - , - , 2000K+ , 3 , 206 ," 26,121 "
skims,CAROUSEL_ALBUM,74.92663078, - , - , 2000K+ , 3 , 206 ," 26,121 "
skims,CAROUSEL_ALBUM,60.06662967, - , - , 2000K+ , 3 , 206 ," 26,121 "
skims,reel,121.2353084, - , - , 2000K+ , 3 , 206 ," 26,121 "
skims,reel,125.5985669, - , - , 2000K+ , 3 , 206 ," 26,121 "
skims,reel,110.936919, - , - , 2000K+ , 3 , 206 ," 26,121 "
skims,reel,137.3753981, - , - , 2000K+ , 3 , 206 ," 26,121 "
skims,IMAGE,168.3478542, - , - , 2000K+ , 3 , 206 ," 26,121 "
skims,CAROUSEL_ALBUM, 188 , - , - , 2000K+ , 3 , 206 ," 26,121 "
skims,reel,113.5913729, - , - , 2000K+ , 3 , 206 ," 26,121 "
skims,CAROUSEL_ALBUM,187.0962319, - , - , 2000K+ , 3 , 206 ," 26,121 "
skims,IMAGE, 87 , - , - , 2000K+ , 3 , 206 ," 26,121 "
skims,reel,142.7620398, - , - , 2000K+ , 3 , 206 ," 26,121 "
skims,CAROUSEL_ALBUM,90.27735043, - , - , 2000K+ , 3 , 206 ," 26,121 "
skims,IMAGE,137.4299822, - , - , 2000K+ , 3 , 206 ," 26,121 "
skims,IMAGE,85.25256594, - , - , 2000K+ , 3 , 206 ," 26,121 "
skims,reel,125.5826421, - , - , 2000K+ , 3 , 206 ," 26,121 "
skims,IMAGE,100.6280279, - , - , 2000K+ , 3 , 206 ," 26,121 "
skims,reel, 84 , - , - , 2000K+ , 3 , 206 ," 26,121 "
skims,reel,82.15838363, 1 , - , 2000K+ , 3 , 206 ," 26,121 "
skims,reel, 72 , 1 , - , 2000K+ , 3 , 206 ," 26,121 "
skims,reel,58.62593283, 1 , - , 2000K+ , 3 , 206 ," 26,121 "
skims,reel,96.2236977, 1 , - , 2000K+ , 3 , 206 ," 26,121 "
skims,reel,60.3158354, 1 , - , 2000K+ , 3 , 206 ," 26,121 "
skims,reel, 63 , 1 , - , 2000K+ , 3 , 206 ," 26,121 "
skims,CAROUSEL_ALBUM,59.27900134, 1 , - , 2000K+ , 3 , 206 ," 26,121 "
skims,CAROUSEL_ALBUM,51.73973328, 1 , - , 2000K+ , 3 , 206 ," 26,121 "
skims,CAROUSEL_ALBUM,55.6596802, 1 , - , 2000K+ , 3 , 206 ," 26,121 "
skims,CAROUSEL_ALBUM,92.86010984, 1 , - , 2000K+ , 3 , 206 ," 26,121 "
skims,CAROUSEL_ALBUM,108.4389229, 1 , - , 2000K+ , 3 , 206 ," 26,121 "
skims,reel,67.34240863, 1 , - , 2000K+ , 3 , 206 ," 26,121 "
skims,CAROUSEL_ALBUM,89.21322772, 1 , - , 2000K+ , 3 , 206 ," 26,121 "
skims,CAROUSEL_ALBUM,66.70832032, 1 , - , 2000K+ , 3 , 206 ," 26,121 "
skims,reel,118.3765179, 1 , - , 2000K+ , 3 , 206 ," 26,121 "
skims,CAROUSEL_ALBUM,67.05967492, 1 , - , 2000K+ , 3 , 206 ," 26,121 "
skims,IMAGE,51.93264869, 1 , - , 2000K+ , 3 , 206 ," 26,121 "
skims,reel, 114 , 1 , - , 2000K+ , 3 , 206 ," 26,121 "
skims,CAROUSEL_ALBUM,68.21290201, 1 , - , 2000K+ , 3 , 206 ," 26,121 "
skims,reel,113.1105654, 1 , - , 2000K+ , 3 , 206 ," 26,121 "
skims,IMAGE,173.9626397, - , - , 2000K+ , 2 , 206 ," 26,121 "
skims,reel,79.67433715, - , - , 2000K+ , 2 , 206 ," 26,121 "
skims,CAROUSEL_ALBUM,239.255094, - , - , 2000K+ , 2 , 206 ," 26,121 "
skims,reel,97.02061637, - , - , 2000K+ , 2 , 206 ," 26,121 "
skims,CAROUSEL_ALBUM,172.8554309, - , - , 2000K+ , 2 , 206 ," 26,121 "
skims,reel,114.7736904, - , - , 2000K+ , 2 , 206 ," 26,121 "
skims,IMAGE,135.4547895, - , - , 2000K+ , 2 , 206 ," 26,121 "
skims,reel,137.6807902, - , - , 2000K+ , 2 , 206 ," 26,121 "
skims,IMAGE,99.81983771, - , - , 2000K+ , 2 , 206 ," 26,121 "
skims,reel,139.7998569, - , - , 2000K+ , 2 , 206 ," 26,121 "
skims,IMAGE,179.0586496, - , - , 2000K+ , 2 , 206 ," 26,121 "
skims,reel,140.3958689, - , - , 2000K+ , 2 , 206 ," 26,121 "
skims,IMAGE,72.18032973, - , - , 2000K+ , 2 , 206 ," 26,121 "
skims,IMAGE, 82 , - , - , 2000K+ , 2 , 206 ," 26,121 "
skims,reel,105.0809212, - , - , 2000K+ , 2 , 206 ," 26,121 "
skims,CAROUSEL_ALBUM,110.5667219, - , - , 2000K+ , 2 , 206 ," 26,121 "
skims,reel,134.4618905, - , - , 2000K+ , 2 , 206 ," 26,121 "
skims,CAROUSEL_ALBUM,63.07931515, - , - , 2000K+ , 2 , 206 ," 26,121 "
skims,reel, 68 , - , - , 2000K+ , 2 , 206 ," 26,121 "
skims,CAROUSEL_ALBUM,51.94227565, - , - , 2000K+ , 2 , 206 ," 26,121 "
skims,reel,125.1039568, 1 , - , 2000K+ , 2 , 206 ," 26,121 "
skims,CAROUSEL_ALBUM,66.3098786, 1 , - , 2000K+ , 2 , 206 ," 26,121 "
skims,CAROUSEL_ALBUM,59.67411499, 1 , - , 2000K+ , 2 , 206 ," 26,121 "
skims,CAROUSEL_ALBUM,135.5138369, 1 , - , 2000K+ , 2 , 206 ," 26,121 "
skims,CAROUSEL_ALBUM,90.06664199, 1 , - , 2000K+ , 2 , 206 ," 26,121 "
skims,reel, 82 , 1 , - , 2000K+ , 2 , 206 ," 26,121 "
skims,CAROUSEL_ALBUM,93.57884376, 1 , - , 2000K+ , 2 , 206 ," 26,121 "
skims,reel, 62 , 1 , - , 2000K+ , 2 , 206 ," 26,121 "
skims,CAROUSEL_ALBUM,59.76621119, 1 , - , 2000K+ , 2 , 206 ," 26,121 "
skims,reel,72.04165462, 1 , - , 2000K+ , 2 , 206 ," 26,121 "
skims,CAROUSEL_ALBUM, 80 , 1 , - , 2000K+ , 2 , 206 ," 26,121 "
skims,reel,49.93996396, 1 , - , 2000K+ , 2 , 206 ," 26,121 "
skims,CAROUSEL_ALBUM,79.56758134, 1 , - , 2000K+ , 2 , 206 ," 26,121 "
skims,CAROUSEL_ALBUM,60.90976933, 1 , - , 2000K+ , 2 , 206 ," 26,121 "
skims,reel,120.6855418, 1 , - , 2000K+ , 2 , 206 ," 26,121 "
skims,CAROUSEL_ALBUM,56.96490147, 1 , - , 2000K+ , 2 , 206 ," 26,121 "
skims,CAROUSEL_ALBUM,63.74166612, 1 , - , 2000K+ , 2 , 206 ," 26,121 "
skims,reel,83.60621986, 1 , - , 2000K+ , 2 , 206 ," 26,121 "
skims,CAROUSEL_ALBUM,52.93392107, 1 , - , 2000K+ , 2 , 206 ," 26,121 "
skims,reel,77.50483856, 1 , - , 2000K+ , 2 , 206 ," 26,121 "
skims,CAROUSEL_ALBUM,72.6704892, - , - , 2000K+ , 1 , 206 ," 26,121 "
skims,CAROUSEL_ALBUM, 68 , - , - , 2000K+ , 1 , 206 ," 26,121 "
skims,reel,102.3621024, - , - , 2000K+ , 1 , 206 ," 26,121 "
skims,reel,113.2519316, - , - , 2000K+ , 1 , 206 ," 26,121 "
skims,IMAGE,77.30459236, - , - , 2000K+ , 1 , 206 ," 26,121 "
skims,reel, 83 , - , - , 2000K+ , 1 , 206 ," 26,121 "
skims,CAROUSEL_ALBUM,135.6945098, - , - , 2000K+ , 1 , 206 ," 26,121 "
skims,reel,221.0045248, - , - , 2000K+ , 1 , 206 ," 26,121 "
skims,CAROUSEL_ALBUM,79.59271323, - , - , 2000K+ , 1 , 206 ," 26,121 "
skims,reel,69.61321714, - , - , 2000K+ , 1 , 206 ," 26,121 "
skims,CAROUSEL_ALBUM,88.06815543, - , - , 2000K+ , 1 , 206 ," 26,121 "
skims,CAROUSEL_ALBUM,72.55342859, - , - , 2000K+ , 1 , 206 ," 26,121 "
skims,reel,59.37171044, - , - , 2000K+ , 1 , 206 ," 26,121 "
skims,IMAGE,72.64984515, - , - , 2000K+ , 1 , 206 ," 26,121 "
skims,CAROUSEL_ALBUM,95.62949336, - , - , 2000K+ , 1 , 206 ," 26,121 "
skims,reel,143.763695, - , - , 2000K+ , 1 , 206 ," 26,121 "
skims,IMAGE,56.04462508, - , - , 2000K+ , 1 , 206 ," 26,121 "
skims,IMAGE,74.28997241, - , - , 2000K+ , 1 , 206 ," 26,121 "
skims,CAROUSEL_ALBUM, 62 , - , - , 2000K+ , 1 , 206 ," 26,121 "
skims,CAROUSEL_ALBUM, 64 , - , - , 2000K+ , 1 , 206 ," 26,121 "
skims,IMAGE, 57 , 1 , - , 2000K+ , 1 , 206 ," 26,121 "
skims,reel,92.80624979, 1 , - , 2000K+ , 1 , 206 ," 26,121 "
skims,reel,72.62231062, 1 , - , 2000K+ , 1 , 206 ," 26,121 "
skims,reel,61.91122677, 1 , - , 2000K+ , 1 , 206 ," 26,121 "
skims,CAROUSEL_ALBUM,74.65252842, 1 , - , 2000K+ , 1 , 206 ," 26,121 "
skims,CAROUSEL_ALBUM,236.8163846, 1 , - , 2000K+ , 1 , 206 ," 26,121 "
skims,CAROUSEL_ALBUM,81.03085832, 1 , - , 2000K+ , 1 , 206 ," 26,121 "
skims,reel,138.1376125, 1 , - , 2000K+ , 1 , 206 ," 26,121 "
skims,IMAGE,170.4142013, 1 , - , 2000K+ , 1 , 206 ," 26,121 "
skims,CAROUSEL_ALBUM,108.3420509, 1 , - , 2000K+ , 1 , 206 ," 26,121 "
skims,reel,64.01562309, 1 , - , 2000K+ , 1 , 206 ," 26,121 "
skims,reel,59.31273051, 1 , - , 2000K+ , 1 , 206 ," 26,121 "
skims,CAROUSEL_ALBUM,87.28688332, 1 , - , 2000K+ , 1 , 206 ," 26,121 "
skims,reel,45.43126677, 1 , - , 2000K+ , 1 , 206 ," 26,121 "
skims,CAROUSEL_ALBUM,54.67174773, 1 , - , 2000K+ , 1 , 206 ," 26,121 "
skims,reel,131.8749408, 1 , - , 2000K+ , 1 , 206 ," 26,121 "
skims,reel,39.72404813, 1 , - , 2000K+ , 1 , 206 ," 26,121 "
skims,CAROUSEL_ALBUM,70.45565982, 1 , - , 2000K+ , 1 , 206 ," 26,121 "
skims,reel,38.39270764, 1 , - , 2000K+ , 1 , 206 ," 26,121 "
skims,IMAGE,93.73366524, 1 , - , 2000K+ , 1 , 206 ," 26,121 "
primark,reel,104.885652, - , - , 1000-1500K , 2 , 106 ," 10,194 "
primark,CAROUSEL_ALBUM,66.79071792, - , - , 1000-1500K , 2 , 106 ," 10,194 "
primark,CAROUSEL_ALBUM,111.4629983, - , - , 1000-1500K , 2 , 106 ," 10,194 "
primark,IMAGE,80.15609771, - , - , 1000-1500K , 2 , 106 ," 10,194 "
primark,reel, 78 , - , - , 1000-1500K , 2 , 106 ," 10,194 "
primark,reel, 90 , - , - , 1000-1500K , 2 , 106 ," 10,194 "
primark,CAROUSEL_ALBUM,66.96267617, - , - , 1000-1500K , 2 , 106 ," 10,194 "
primark,reel, 57 , - , - , 1000-1500K , 2 , 106 ," 10,194 "
primark,reel,65.90144156, - , - , 1000-1500K , 2 , 106 ," 10,194 "
primark,reel,60.57227088, - , - , 1000-1500K , 2 , 106 ," 10,194 "
primark,CAROUSEL_ALBUM, 94 , - , - , 1000-1500K , 2 , 106 ," 10,194 "
primark,reel, 59 , - , - , 1000-1500K , 2 , 106 ," 10,194 "
primark,CAROUSEL_ALBUM,141.6050847, - , - , 1000-1500K , 2 , 106 ," 10,194 "
primark,reel,112.9468902, - , - , 1000-1500K , 2 , 106 ," 10,194 "
primark,IMAGE,88.81441324, - , - , 1000-1500K , 2 , 106 ," 10,194 "
primark,reel, 67 , - , - , 1000-1500K , 2 , 106 ," 10,194 "
primark,reel,57.11392125, - , - , 1000-1500K , 2 , 106 ," 10,194 "
primark,reel,59.27056605, - , - , 1000-1500K , 2 , 106 ," 10,194 "
primark,reel,90.06109038, - , - , 1000-1500K , 2 , 106 ," 10,194 "
primark,CAROUSEL_ALBUM,134.669967, - , - , 1000-1500K , 2 , 106 ," 10,194 "
primark,CAROUSEL_ALBUM,45.88027899, 1 , - , 1000-1500K , 2 , 106 ," 10,194 "
primark,CAROUSEL_ALBUM,52.54521862, 1 , - , 1000-1500K , 2 , 106 ," 10,194 "
primark,CAROUSEL_ALBUM,79.79974937, 1 , - , 1000-1500K , 2 , 106 ," 10,194 "
primark,reel,104.5514228, 1 , - , 1000-1500K , 2 , 106 ," 10,194 "
primark,CAROUSEL_ALBUM,67.02238432, 1 , - , 1000-1500K , 2 , 106 ," 10,194 "
primark,reel,94.47221814, 1 , - , 1000-1500K , 2 , 106 ," 10,194 "
primark,CAROUSEL_ALBUM,104.2209192, 1 , - , 1000-1500K , 2 , 106 ," 10,194 "
primark,reel,56.02677931, 1 , - , 1000-1500K , 2 , 106 ," 10,194 "
primark,reel,59.86651819, 1 , - , 1000-1500K , 2 , 106 ," 10,194 "
primark,CAROUSEL_ALBUM,127.9882807, 1 , - , 1000-1500K , 2 , 106 ," 10,194 "
primark,reel,159.9718725, 1 , - , 1000-1500K , 2 , 106 ," 10,194 "
primark,CAROUSEL_ALBUM,179.0502723, 1 , - , 1000-1500K , 2 , 106 ," 10,194 "
primark,reel,139.1581834, 1 , - , 1000-1500K , 2 , 106 ," 10,194 "
primark,CAROUSEL_ALBUM,95.07365566, 1 , - , 1000-1500K , 2 , 106 ," 10,194 "
primark,IMAGE,90.26073343, 1 , - , 1000-1500K , 2 , 106 ," 10,194 "
primark,CAROUSEL_ALBUM,97.69851585, 1 , - , 1000-1500K , 2 , 106 ," 10,194 "
primark,CAROUSEL_ALBUM, 67 , 1 , - , 1000-1500K , 2 , 106 ," 10,194 "
primark,reel,78.85429601, 1 , - , 1000-1500K , 2 , 106 ," 10,194 "
primark,CAROUSEL_ALBUM,72.64984515, 1 , - , 1000-1500K , 2 , 106 ," 10,194 "
primark,reel,85.97674104, 1 , - , 1000-1500K , 2 , 106 ," 10,194 "
primark,reel,53.47896783, - , - , 1000-1500K , 2 , 106 ," 10,194 "
primark,CAROUSEL_ALBUM,62.43396512, - , - , 1000-1500K , 2 , 106 ," 10,194 "
primark,CAROUSEL_ALBUM,69.50539547, - , - , 1000-1500K , 2 , 106 ," 10,194 "
primark,IMAGE,108.5403151, - , - , 1000-1500K , 2 , 106 ," 10,194 "
primark,reel,99.10095862, - , - , 1000-1500K , 2 , 106 ," 10,194 "
primark,IMAGE,68.64400921, - , - , 1000-1500K , 2 , 106 ," 10,194 "
primark,CAROUSEL_ALBUM,106.5082156, - , - , 1000-1500K , 2 , 106 ," 10,194 "
primark,CAROUSEL_ALBUM,70.32069397, - , - , 1000-1500K , 2 , 106 ," 10,194 "
primark,CAROUSEL_ALBUM,94.26558227, - , - , 1000-1500K , 2 , 106 ," 10,194 "
primark,CAROUSEL_ALBUM,107.6057619, - , - , 1000-1500K , 2 , 106 ," 10,194 "
primark,reel,84.95881355, - , - , 1000-1500K , 2 , 106 ," 10,194 "
primark,reel,73.24616031, - , - , 1000-1500K , 2 , 106 ," 10,194 "
primark,reel,52.72570531, - , - , 1000-1500K , 2 , 106 ," 10,194 "
primark,CAROUSEL_ALBUM,164.4293161, - , - , 1000-1500K , 2 , 106 ," 10,194 "
primark,reel,57.8964593, - , - , 1000-1500K , 2 , 106 ," 10,194 "
primark,reel,60.90976933, - , - , 1000-1500K , 2 , 106 ," 10,194 "
primark,CAROUSEL_ALBUM,66.03029608, - , - , 1000-1500K , 2 , 106 ," 10,194 "
primark,reel,132.0075755, - , - , 1000-1500K , 2 , 106 ," 10,194 "
primark,reel,63.46652661, - , - , 1000-1500K , 2 , 106 ," 10,194 "
primark,reel,58.05170109, - , - , 1000-1500K , 2 , 106 ," 10,194 "
primark,CAROUSEL_ALBUM,64.31174076, 1 , - , 1000-1500K , 2 , 106 ," 10,194 "
primark,reel,83.69587803, 1 , - , 1000-1500K , 2 , 106 ," 10,194 "
primark,reel,76.62245102, 1 , - , 1000-1500K , 2 , 106 ," 10,194 "
primark,reel,44.22668877, 1 , - , 1000-1500K , 2 , 106 ," 10,194 "
primark,CAROUSEL_ALBUM,100.8365013, 1 , - , 1000-1500K , 2 , 106 ," 10,194 "
primark,IMAGE,102.3572176, 1 , - , 1000-1500K , 2 , 106 ," 10,194 "
primark,CAROUSEL_ALBUM,75.49834435, 1 , - , 1000-1500K , 2 , 106 ," 10,194 "
primark,reel,64.32728814, 1 , - , 1000-1500K , 2 , 106 ," 10,194 "
primark,reel,126.9094165, 1 , - , 1000-1500K , 2 , 106 ," 10,194 "
primark,reel,116.9444312, 1 , - , 1000-1500K , 2 , 106 ," 10,194 "
primark,CAROUSEL_ALBUM,104.6852425, 1 , - , 1000-1500K , 2 , 106 ," 10,194 "
primark,CAROUSEL_ALBUM,103.5857133, 1 , - , 1000-1500K , 2 , 106 ," 10,194 "
primark,IMAGE,137.8912615, 1 , - , 1000-1500K , 2 , 106 ," 10,194 "
primark,reel,82.38325072, 1 , - , 1000-1500K , 2 , 106 ," 10,194 "
primark,reel,130.678996, 1 , - , 1000-1500K , 2 , 106 ," 10,194 "
primark,CAROUSEL_ALBUM,60.058305, 1 , - , 1000-1500K , 2 , 106 ," 10,194 "
primark,reel,56.32938842, 1 , - , 1000-1500K , 2 , 106 ," 10,194 "
primark,IMAGE,110.4943437, 1 , - , 1000-1500K , 2 , 106 ," 10,194 "
primark,reel,45.50824101, 1 , - , 1000-1500K , 2 , 106 ," 10,194 "
primark,reel,119.2140931, 1 , - , 1000-1500K , 2 , 106 ," 10,194 "
adidasoriginals,CAROUSEL_ALBUM,177.3640324, - , - , 2000K+ , 3 , 291 ," 33,683 "
adidasoriginals,CAROUSEL_ALBUM,163.1839453, - , - , 2000K+ , 3 , 291 ," 33,683 "
adidasoriginals,CAROUSEL_ALBUM,161.322658, - , - , 2000K+ , 3 , 291 ," 33,683 "
adidasoriginals,CAROUSEL_ALBUM,173.1357849, - , - , 2000K+ , 3 , 291 ," 33,683 "
adidasoriginals,CAROUSEL_ALBUM,174.8770997, - , - , 2000K+ , 3 , 291 ," 33,683 "
adidasoriginals,CAROUSEL_ALBUM,171.7236151, - , - , 2000K+ , 3 , 291 ," 33,683 "
adidasoriginals,CAROUSEL_ALBUM,207.8701518, - , - , 2000K+ , 3 , 291 ," 33,683 "
adidasoriginals,reel,161.49613, - , - , 2000K+ , 3 , 291 ," 33,683 "
adidasoriginals,reel,139.4130553, - , - , 2000K+ , 3 , 291 ," 33,683 "
adidasoriginals,reel,163.9085111, - , - , 2000K+ , 3 , 291 ," 33,683 "
adidasoriginals,IMAGE,123.604207, - , - , 2000K+ , 3 , 291 ," 33,683 "
adidasoriginals,IMAGE,235.5461738, - , - , 2000K+ , 3 , 291 ," 33,683 "
adidasoriginals,IMAGE,139.1617764, - , - , 2000K+ , 3 , 291 ," 33,683 "
adidasoriginals,IMAGE,105.5130324, - , - , 2000K+ , 3 , 291 ," 33,683 "
adidasoriginals,IMAGE,192.3044461, - , - , 2000K+ , 3 , 291 ," 33,683 "
adidasoriginals,IMAGE,104.297651, - , - , 2000K+ , 3 , 291 ," 33,683 "
adidasoriginals,IMAGE,120.8511481, - , - , 2000K+ , 3 , 291 ," 33,683 "
adidasoriginals,IMAGE,163.9451128, - , - , 2000K+ , 3 , 291 ," 33,683 "
adidasoriginals,IMAGE,102.9223008, - , - , 2000K+ , 3 , 291 ," 33,683 "
adidasoriginals,reel,361.8839593, - , - , 2000K+ , 3 , 291 ," 33,683 "
adidasoriginals,IMAGE,153.1110708, 1 , 2 , 2000K+ , 3 , 291 ," 33,683 "
adidasoriginals,IMAGE,116.1938036, 1 , 2 , 2000K+ , 3 , 291 ," 33,683 "
adidasoriginals,IMAGE,203.7473926, 1 , 2 , 2000K+ , 3 , 291 ," 33,683 "
adidasoriginals,IMAGE,123.3936789, 1 , 2 , 2000K+ , 3 , 291 ," 33,683 "
adidasoriginals,reel,132.7102106, 1 , 2 , 2000K+ , 4 , 295 ," 43,890 "
adidasoriginals,CAROUSEL_ALBUM,154.7320264, 1 , 2 , 2000K+ , 4 , 295 ," 43,890 "
adidasoriginals,CAROUSEL_ALBUM,173.8648901, 1 , 2 , 2000K+ , 4 , 295 ," 43,890 "
adidasoriginals,reel,248.3344519, 1 , 2 , 2000K+ , 4 , 295 ," 43,890 "
adidasoriginals,reel,179.7080966, 1 , 2 , 2000K+ , 4 , 295 ," 43,890 "
adidasoriginals,CAROUSEL_ALBUM, 166 , 1 , 2 , 2000K+ , 4 , 295 ," 43,890 "
adidasoriginals,reel,284.1196931, 1 , 2 , 2000K+ , 4 , 295 ," 43,890 "
adidasoriginals,IMAGE,140.2569071, 1 , 2 , 2000K+ , 4 , 295 ," 43,890 "
adidasoriginals,IMAGE,135.8491811, 1 , 2 , 2000K+ , 4 , 295 ," 43,890 "
adidasoriginals,reel,120.8842421, 1 , 2 , 2000K+ , 4 , 295 ," 43,890 "
adidasoriginals,CAROUSEL_ALBUM,161.5518493, 1 , 2 , 2000K+ , 4 , 295 ," 43,890 "
adidasoriginals,CAROUSEL_ALBUM,87.78952101, 1 , 2 , 2000K+ , 4 , 295 ," 43,890 "
adidasoriginals,CAROUSEL_ALBUM,212.4193965, 1 , 2 , 2000K+ , 4 , 295 ," 43,890 "
adidasoriginals,IMAGE,174.8056063, 1 , 2 , 2000K+ , 4 , 295 ," 43,890 "
adidasoriginals,CAROUSEL_ALBUM,170.2086954, 1 , 2 , 2000K+ , 4 , 295 ," 43,890 "
adidasoriginals,CAROUSEL_ALBUM,225.7852962, 1 , 2 , 2000K+ , 4 , 295 ," 43,890 "
asos,reel,55.75840744, - , - , 1000-1500K , 2 , 65 ," 3,252 "
asos,reel,40.29888336, - , - , 1000-1500K , 2 , 65 ," 3,252 "
asos,reel, 65 , - , - , 1000-1500K , 2 , 65 ," 3,252 "
asos,IMAGE,69.5485442, - , - , 1000-1500K , 2 , 65 ," 3,252 "
asos,reel,39.37003937, - , - , 1000-1500K , 2 , 65 ," 3,252 "
asos,reel,66.6708332, - , - , 1000-1500K , 2 , 65 ," 3,252 "
asos,reel,39.52214569, - , - , 1000-1500K , 2 , 65 ," 3,252 "
asos,reel,45.40925016, - , - , 1000-1500K , 2 , 65 ," 3,252 "
asos,reel,51.12729212, - , - , 1000-1500K , 2 , 65 ," 3,252 "
asos,reel, 33 , - , - , 1000-1500K , 2 , 65 ," 3,252 "
asos,reel,43.02324953, - , - , 1000-1500K , 2 , 65 ," 3,252 "
asos,reel,37.93415348, - , - , 1000-1500K , 2 , 65 ," 3,252 "
asos,reel,36.78314832, - , - , 1000-1500K , 2 , 65 ," 3,252 "
asos,CAROUSEL_ALBUM, 63 , - , - , 1000-1500K , 2 , 65 ," 3,252 "
asos,reel,40.06245125, - , - , 1000-1500K , 2 , 65 ," 3,252 "
asos,reel,33.77869151, - , - , 1000-1500K , 2 , 65 ," 3,252 "
asos,reel,38.39270764, - , - , 1000-1500K , 2 , 65 ," 3,252 "
asos,reel,34.88552709, - , - , 1000-1500K , 2 , 65 ," 3,252 "
asos,CAROUSEL_ALBUM,40.64480287, - , - , 1000-1500K , 2 , 65 ," 3,252 "
asos,reel,35.94440151, - , - , 1000-1500K , 2 , 65 ," 3,252 "
asos,reel,30.5122926, 1 , 1 , 1000-1500K , 2 , 65 ," 3,252 "
asos,reel,40.32369031, 1 , 1 , 1000-1500K , 2 , 65 ," 3,252 "
asos,reel,51.82663408, 1 , 1 , 1000-1500K , 2 , 65 ," 3,252 "
asos,IMAGE, 38 , 1 , 1 , 1000-1500K , 2 , 65 ," 3,252 "
asos,reel,50.36864104, 1 , 1 , 1000-1500K , 2 , 65 ," 3,252 "
asos,reel,42.09513036, 1 , 1 , 1000-1500K , 2 , 65 ," 3,252 "
asos,CAROUSEL_ALBUM,42.94182111, 1 , 1 , 1000-1500K , 2 , 65 ," 3,252 "
asos,reel,29.73213749, 1 , 1 , 1000-1500K , 2 , 65 ," 3,252 "
asos,reel,65.28399498, 1 , 1 , 1000-1500K , 2 , 65 ," 3,252 "
asos,reel,30.9354166, 1 , 1 , 1000-1500K , 2 , 65 ," 3,252 "
asos,reel,64.20280368, 1 , 1 , 1000-1500K , 2 , 65 ," 3,252 "
asos,reel, 40 , 1 , 1 , 1000-1500K , 2 , 65 ," 3,252 "
asos,reel,75.68355171, 1 , 1 , 1000-1500K , 2 , 65 ," 3,252 "
asos,reel, 34 , 1 , 1 , 1000-1500K , 2 , 65 ," 3,252 "
asos,reel,44.68780594, 1 , 1 , 1000-1500K , 2 , 65 ," 3,252 "
asos,CAROUSEL_ALBUM,40.13726448, 1 , 1 , 1000-1500K , 2 , 65 ," 3,252 "
asos,reel,32.95451411, 1 , 1 , 1000-1500K , 2 , 65 ," 3,252 "
asos,reel,54.4334456, 1 , 1 , 1000-1500K , 2 , 65 ," 3,252 "
asos,reel,52.61178575, 1 , 1 , 1000-1500K , 2 , 65 ," 3,252 "
asos,reel,37.72267223, 1 , 1 , 1000-1500K , 2 , 65 ," 3,252 "
everlane,reel,29.66479395, - , - , 1000-1500K , 4 , 15 , 581 
everlane,reel,17.74823935, - , - , 1000-1500K , 4 , 15 , 581 
everlane,CAROUSEL_ALBUM,38.27531842, - , - , 1000-1500K , 4 , 15 , 581 
everlane,reel,21.14237451, - , - , 1000-1500K , 4 , 15 , 581 
everlane,CAROUSEL_ALBUM,35.67912555, - , - , 1000-1500K , 4 , 15 , 581 
everlane,CAROUSEL_ALBUM, 1 , - , - , 1000-1500K , 4 , 15 , 581 
everlane,CAROUSEL_ALBUM,38.60051813, - , - , 1000-1500K , 4 , 15 , 581 
everlane,reel,25.07987241, - , - , 1000-1500K , 4 , 15 , 581 
everlane,reel,30.72458299, - , - , 1000-1500K , 4 , 15 , 581 
everlane,CAROUSEL_ALBUM,51.27377497, - , - , 1000-1500K , 4 , 15 , 581 
everlane,reel,23.17326045, - , - , 1000-1500K , 4 , 15 , 581 
everlane,CAROUSEL_ALBUM,34.9141805, - , - , 1000-1500K , 4 , 15 , 581 
everlane,reel,22.64950331, - , - , 1000-1500K , 4 , 15 , 581 
everlane,reel,20.63976744, - , - , 1000-1500K , 4 , 15 , 581 
everlane,CAROUSEL_ALBUM,22.4053565, - , - , 1000-1500K , 4 , 15 , 581 
everlane,reel,24.71841419, - , - , 1000-1500K , 4 , 15 , 581 
everlane,reel,25.15949125, - , - , 1000-1500K , 4 , 15 , 581 
everlane,CAROUSEL_ALBUM,23.57965225, - , - , 1000-1500K , 4 , 15 , 581 
everlane,CAROUSEL_ALBUM,28.16025568, - , - , 1000-1500K , 4 , 15 , 581 
everlane,CAROUSEL_ALBUM,30.82207001, - , - , 1000-1500K , 4 , 15 , 581 
everlane,CAROUSEL_ALBUM,14.38749457, 1 , 2 , 1000-1500K , 4 , 15 , 581 
everlane,CAROUSEL_ALBUM,18.52025918, 1 , 2 , 1000-1500K , 4 , 15 , 581 
everlane,reel,20.39607805, 1 , 2 , 1000-1500K , 4 , 15 , 581 
everlane,reel, 20 , 1 , 2 , 1000-1500K , 4 , 15 , 581 
everlane,CAROUSEL_ALBUM,17.05872211, 1 , 2 , 1000-1500K , 4 , 15 , 581 
everlane,reel,40.08740451, 1 , 2 , 1000-1500K , 4 , 15 , 581 
everlane,CAROUSEL_ALBUM,15.32970972, 1 , 2 , 1000-1500K , 4 , 15 , 581 
everlane,reel,23.76972865, 1 , 2 , 1000-1500K , 4 , 15 , 581 
everlane,CAROUSEL_ALBUM,12.489996, 1 , 2 , 1000-1500K , 4 , 15 , 581 
everlane,reel,14.59451952, 1 , 2 , 1000-1500K , 4 , 15 , 581 
everlane,reel,19.79898987, 1 , 2 , 1000-1500K , 4 , 15 , 581 
everlane,reel,18.35755975, 1 , 2 , 1000-1500K , 4 , 15 , 581 
everlane,reel,25.25866188, 1 , 2 , 1000-1500K , 4 , 15 , 581 
everlane,reel,20.39607805, 1 , 2 , 1000-1500K , 4 , 15 , 581 
everlane,CAROUSEL_ALBUM,20.04993766, 1 , 2 , 1000-1500K , 4 , 15 , 581 
everlane,reel,18.05547009, 1 , 2 , 1000-1500K , 4 , 15 , 581 
everlane,CAROUSEL_ALBUM,27.38612788, 1 , 2 , 1000-1500K , 4 , 15 , 581 
everlane,reel,20.04993766, 1 , 2 , 1000-1500K , 4 , 15 , 581 
everlane,CAROUSEL_ALBUM,11.87434209, 1 , 2 , 1000-1500K , 4 , 15 , 581 
everlane,reel, 24 , 1 , 2 , 1000-1500K , 4 , 15 , 581 
ganni,reel,39.66106403, - , - , 1000-1500K , 3 , 28 ," 5,856 "
ganni,reel,28.60069929, - , - , 1000-1500K , 3 , 28 ," 5,856 "
ganni,reel,23.89560629, - , - , 1000-1500K , 3 , 28 ," 5,856 "
ganni,reel,58.36951259, - , - , 1000-1500K , 3 , 28 ," 5,856 "
ganni,reel,26.45751311, - , - , 1000-1500K , 3 , 28 ," 5,856 "
ganni,reel,31.68595904, - , - , 1000-1500K , 3 , 28 ," 5,856 "
ganni,IMAGE,50.54700782, - , - , 1000-1500K , 3 , 28 ," 5,856 "
ganni,IMAGE,70.92249291, - , - , 1000-1500K , 3 , 28 ," 5,856 "
ganni,reel,56.55970297, - , - , 1000-1500K , 3 , 28 ," 5,856 "
ganni,reel,49.66890375, - , - , 1000-1500K , 3 , 28 ," 5,856 "
ganni,reel,60.42350536, - , - , 1000-1500K , 3 , 28 ," 5,856 "
ganni,reel,97.18538985, - , - , 1000-1500K , 3 , 28 ," 5,856 "
ganni,reel,51.12729212, - , - , 1000-1500K , 3 , 28 ," 5,856 "
ganni,reel,81.70679286, - , - , 1000-1500K , 3 , 28 ," 5,856 "
ganni,reel, 52 , - , - , 1000-1500K , 3 , 28 ," 5,856 "
ganni,reel,76.66811593, - , - , 1000-1500K , 3 , 28 ," 5,856 "
ganni,reel,87.91473142, - , - , 1000-1500K , 3 , 28 ," 5,856 "
ganni,CAROUSEL_ALBUM,55.13619501, - , - , 1000-1500K , 3 , 28 ," 5,856 "
ganni,CAROUSEL_ALBUM,53.29165038, - , - , 1000-1500K , 3 , 28 ," 5,856 "
ganni,CAROUSEL_ALBUM,105.7969754, - , - , 1000-1500K , 3 , 28 ," 5,856 "
ganni,CAROUSEL_ALBUM,38.54867053, 1 , 8 , 1000-1500K , 1 , 18 ," 1,919 "
ganni,IMAGE,80.51707893, 1 , 8 , 1000-1500K , 1 , 18 ," 1,919 "
ganni,reel,34.88552709, 1 , 8 , 1000-1500K , 1 , 18 ," 1,919 "
ganni,CAROUSEL_ALBUM,94.17536833, 1 , 8 , 1000-1500K , 1 , 18 ," 1,919 "
ganni,reel,51.15662225, 1 , 8 , 1000-1500K , 1 , 18 ," 1,919 "
ganni,reel,67.94850992, 1 , 8 , 1000-1500K , 1 , 18 ," 1,919 "
ganni,IMAGE,40.45985665, 1 , 8 , 1000-1500K , 1 , 18 ," 1,919 "
ganni,CAROUSEL_ALBUM,59.43904441, 1 , 8 , 1000-1500K , 1 , 18 ," 1,919 "
ganni,IMAGE, 68 , 1 , 8 , 1000-1500K , 1 , 18 ," 1,919 "
ganni,reel,71.80529228, 1 , 8 , 1000-1500K , 1 , 18 ," 1,919 "
ganni,reel,34.55430509, 1 , 8 , 1000-1500K , 1 , 18 ," 1,919 "
ganni,reel,62.28161848, 1 , 8 , 1000-1500K , 1 , 18 ," 1,919 "
ganni,IMAGE, 99 , 1 , 8 , 1000-1500K , 1 , 18 ," 1,919 "
ganni,CAROUSEL_ALBUM,108.3881912, 1 , 8 , 1000-1500K , 1 , 18 ," 1,919 "
ganni,reel,86.15103017, 1 , 8 , 1000-1500K , 1 , 18 ," 1,919 "
ganni,IMAGE,37.54996671, 1 , 8 , 1000-1500K , 2 , 29 ," 4,533 "
ganni,reel,33.12099032, 1 , 8 , 1000-1500K , 2 , 29 ," 4,533 "
ganni,CAROUSEL_ALBUM,100.5733563, 1 , 8 , 1000-1500K , 2 , 29 ," 4,533 "
ganni,CAROUSEL_ALBUM,103.8556691, 1 , 8 , 1000-1500K , 2 , 29 ," 4,533 "
ganni,IMAGE,48.43552415, 1 , 8 , 1000-1500K , 2 , 29 ," 4,533 "
goat,CAROUSEL_ALBUM, 8 , - , - , 2000K+ , 4 , 11 , - 
goat,reel, 1 , - , - , 2000K+ , 4 , 11 , - 
goat,CAROUSEL_ALBUM,11.35781669, - , - , 2000K+ , 4 , 11 , - 
goat,reel, 2 , - , - , 2000K+ , 4 , 11 , - 
goat,CAROUSEL_ALBUM,7.681145748, - , - , 2000K+ , 4 , 11 , - 
goat,CAROUSEL_ALBUM,10.58300524, - , - , 2000K+ , 4 , 11 , - 
goat,CAROUSEL_ALBUM,9.591663047, - , - , 2000K+ , 4 , 11 , - 
goat,reel,5.385164807, - , - , 2000K+ , 4 , 11 , - 
goat,reel,2.828427125, - , - , 2000K+ , 4 , 11 , - 
goat,CAROUSEL_ALBUM, 6 , - , - , 2000K+ , 4 , 11 , - 
goat,CAROUSEL_ALBUM,9.433981132, - , - , 2000K+ , 4 , 11 , - 
goat,reel, 2 , - , - , 2000K+ , 4 , 11 , - 
goat,CAROUSEL_ALBUM,7.745966692, - , - , 2000K+ , 4 , 11 , - 
goat,CAROUSEL_ALBUM, 12 , - , - , 2000K+ , 4 , 11 , - 
goat,reel, 7 , - , - , 2000K+ , 4 , 11 , - 
goat,CAROUSEL_ALBUM,5.744562647, - , - , 2000K+ , 4 , 11 , - 
goat,CAROUSEL_ALBUM, 2 , - , - , 2000K+ , 4 , 11 , - 
goat,CAROUSEL_ALBUM,3.605551275, - , - , 2000K+ , 4 , 11 , - 
goat,CAROUSEL_ALBUM,3.605551275, - , - , 2000K+ , 4 , 11 , - 
goat,CAROUSEL_ALBUM,3.16227766, - , - , 2000K+ , 4 , 11 , - 
goat,CAROUSEL_ALBUM,6.403124237, 1 , 1 , 2000K+ , 4 , 11 , - 
goat,reel, 5 , 1 , 1 , 2000K+ , 4 , 11 , - 
goat,reel,1.732050808, 1 , 1 , 2000K+ , 4 , 11 , - 
goat,CAROUSEL_ALBUM, 3 , 1 , 1 , 2000K+ , 4 , 11 , - 
goat,CAROUSEL_ALBUM,7.615773106, 1 , 1 , 2000K+ , 4 , 11 , - 
goat,reel, 2 , 1 , 1 , 2000K+ , 4 , 11 , - 
goat,CAROUSEL_ALBUM,3.464101615, 1 , 1 , 2000K+ , 4 , 11 , - 
goat,reel, 1 , 1 , 1 , 2000K+ , 4 , 11 , - 
goat,CAROUSEL_ALBUM,3.16227766, 1 , 1 , 2000K+ , 4 , 11 , - 
goat,CAROUSEL_ALBUM,5.744562647, 1 , 1 , 2000K+ , 4 , 11 , - 
goat,reel, 1 , 1 , 1 , 2000K+ , 4 , 11 , - 
goat,CAROUSEL_ALBUM,3.16227766, 1 , 1 , 2000K+ , 4 , 11 , - 
goat,reel,3.16227766, 1 , 1 , 2000K+ , 4 , 11 , - 
goat,CAROUSEL_ALBUM,5.196152423, 1 , 1 , 2000K+ , 4 , 11 , - 
goat,CAROUSEL_ALBUM,3.741657387, 1 , 1 , 2000K+ , 4 , 11 , - 
goat,CAROUSEL_ALBUM,3.16227766, 1 , 1 , 2000K+ , 4 , 11 , - 
goat,CAROUSEL_ALBUM,7.483314774, 1 , 1 , 2000K+ , 4 , 11 , - 
goat,reel, 1 , 1 , 1 , 2000K+ , 4 , 11 , - 
goat,reel, 3 , 1 , 1 , 2000K+ , 4 , 11 , - 
goat,CAROUSEL_ALBUM, 5 , 1 , 1 , 2000K+ , 4 , 11 , - 
lunya,IMAGE, 1 , - , - , 0-500K , 2 , 9 , 964 
lunya,IMAGE, - , - , - , 0-500K , 2 , 9 , 964 
lunya,IMAGE,2.828427125, - , - , 0-500K , 2 , 9 , 964 
lunya,IMAGE, 1 , - , - , 0-500K , 2 , 9 , 964 
lunya,IMAGE,4.242640687, - , - , 0-500K , 2 , 9 , 964 
lunya,IMAGE, - , - , - , 0-500K , 2 , 9 , 964 
lunya,reel,1.414213562, - , - , 0-500K , 2 , 9 , 964 
lunya,VIDEO,4.795831523, - , - , 0-500K , 2 , 9 , 964 
lunya,IMAGE, 2 , - , - , 0-500K , 2 , 9 , 964 
lunya,IMAGE, - , - , - , 0-500K , 2 , 9 , 964 
lunya,IMAGE, - , - , - , 0-500K , 2 , 9 , 964 
lunya,IMAGE, 2 , - , - , 0-500K , 2 , 9 , 964 
lunya,IMAGE, 1 , - , - , 0-500K , 2 , 9 , 964 
lunya,IMAGE,1.732050808, - , - , 0-500K , 2 , 9 , 964 
lunya,IMAGE, - , - , - , 0-500K , 2 , 9 , 964 
lunya,IMAGE, - , - , - , 0-500K , 2 , 9 , 964 
lunya,reel,1.732050808, - , - , 0-500K , 2 , 9 , 964 
lunya,CAROUSEL_ALBUM, 3 , - , - , 0-500K , 2 , 9 , 964 
lunya,reel,3.464101615, - , - , 0-500K , 2 , 9 , 964 
lunya,IMAGE, 2 , - , - , 0-500K , 2 , 9 , 964 
lunya,IMAGE,1.732050808, 1 , 3 , 0-500K , 3 , 6 , 210 
lunya,IMAGE, - , 1 , 3 , 0-500K , 3 , 6 , 210 
lunya,IMAGE, 2 , 1 , 3 , 0-500K , 3 , 6 , 210 
lunya,IMAGE, - , 1 , 3 , 0-500K , 3 , 6 , 210 
lunya,IMAGE, - , 1 , 3 , 0-500K , 3 , 6 , 210 
lunya,IMAGE,2.449489743, 1 , 3 , 0-500K , 3 , 6 , 210 
lunya,reel, 2 , 1 , 3 , 0-500K , 3 , 6 , 210 
lunya,IMAGE, - , 1 , 3 , 0-500K , 3 , 6 , 210 
lunya,IMAGE,1.414213562, 1 , 3 , 0-500K , 3 , 6 , 210 
lunya,IMAGE,1.414213562, 1 , 3 , 0-500K , 3 , 6 , 210 
lunya,IMAGE,1.414213562, 1 , 3 , 0-500K , 3 , 6 , 210 
lunya,IMAGE, 2 , 1 , 3 , 0-500K , 3 , 6 , 210 
lunya,IMAGE, 2 , 1 , 3 , 0-500K , 3 , 6 , 210 
lunya,IMAGE,1.414213562, 1 , 3 , 0-500K , 3 , 6 , 210 
lunya,IMAGE, - , 1 , 3 , 0-500K , 3 , 6 , 210 
lunya,IMAGE, - , 1 , 3 , 0-500K , 3 , 6 , 210 
lunya,CAROUSEL_ALBUM, 1 , 1 , 3 , 0-500K , 3 , 6 , 210 
lunya,IMAGE,1.414213562, 1 , 3 , 0-500K , 3 , 6 , 210 
lunya,reel, 1 , 1 , 3 , 0-500K , 3 , 6 , 210 
lunya,reel,2.828427125, 1 , 3 , 0-500K , 3 , 6 , 210 
lunya,IMAGE,7.615773106, - , - , 0-500K , 4 , 23 , 697 
lunya,IMAGE, 2 , - , - , 0-500K , 4 , 23 , 697 
lunya,IMAGE,13.45362405, - , - , 0-500K , 4 , 23 , 697 
lunya,IMAGE,1.414213562, - , - , 0-500K , 4 , 23 , 697 
lunya,IMAGE,10.53565375, - , - , 0-500K , 4 , 23 , 697 
lunya,IMAGE, 1 , - , - , 0-500K , 4 , 23 , 697 
lunya,IMAGE,12.20655562, - , - , 0-500K , 4 , 23 , 697 
lunya,IMAGE, - , - , - , 0-500K , 4 , 23 , 697 
lunya,IMAGE, 1 , - , - , 0-500K , 4 , 23 , 697 
lunya,reel, 1 , - , - , 0-500K , 4 , 23 , 697 
lunya,IMAGE, 1 , - , - , 0-500K , 4 , 23 , 697 
lunya,reel,1.732050808, - , - , 0-500K , 4 , 23 , 697 
lunya,reel,11.26942767, - , - , 0-500K , 4 , 23 , 697 
lunya,IMAGE, - , - , - , 0-500K , 4 , 23 , 697 
lunya,IMAGE, 2 , - , - , 0-500K , 4 , 23 , 697 
lunya,reel,14.86606875, - , - , 0-500K , 4 , 23 , 697 
lunya,CAROUSEL_ALBUM,11.5758369, - , - , 0-500K , 4 , 23 , 697 
lunya,IMAGE,1.732050808, - , - , 0-500K , 4 , 23 , 697 
lunya,CAROUSEL_ALBUM,10.95445115, - , - , 0-500K , 4 , 23 , 697 
lunya,reel, 2 , - , - , 0-500K , 4 , 23 , 697 
lunya,IMAGE, - , 1 , 1 , 0-500K , 4 , 23 , 697 
lunya,CAROUSEL_ALBUM,2.449489743, 1 , 1 , 0-500K , 4 , 23 , 697 
lunya,CAROUSEL_ALBUM, 1 , 1 , 1 , 0-500K , 4 , 23 , 697 
lunya,IMAGE,1.414213562, 1 , 1 , 0-500K , 4 , 23 , 697 
lunya,IMAGE, 1 , 1 , 1 , 0-500K , 4 , 23 , 697 
lunya,IMAGE,3.872983346, 1 , 1 , 0-500K , 4 , 23 , 697 
lunya,CAROUSEL_ALBUM,1.414213562, 1 , 1 , 0-500K , 4 , 23 , 697 
lunya,CAROUSEL_ALBUM, 2 , 1 , 1 , 0-500K , 4 , 23 , 697 
lunya,CAROUSEL_ALBUM, 1 , 1 , 1 , 0-500K , 4 , 23 , 697 
lunya,CAROUSEL_ALBUM,3.605551275, 1 , 1 , 0-500K , 4 , 23 , 697 
lunya,CAROUSEL_ALBUM, - , 1 , 1 , 0-500K , 4 , 23 , 697 
lunya,reel,2.449489743, 1 , 1 , 0-500K , 4 , 23 , 697 
lunya,IMAGE,1.414213562, 1 , 1 , 0-500K , 4 , 23 , 697 
lunya,IMAGE,2.828427125, 1 , 1 , 0-500K , 4 , 23 , 697 
lunya,reel, 1 , 1 , 1 , 0-500K , 4 , 23 , 697 
lunya,CAROUSEL_ALBUM,1.414213562, 1 , 1 , 0-500K , 4 , 23 , 697 
lunya,IMAGE,1.414213562, 1 , 1 , 0-500K , 4 , 23 , 697 
lunya,reel, 2 , 1 , 1 , 0-500K , 4 , 23 , 697 
lunya,CAROUSEL_ALBUM, 4 , 1 , 1 , 0-500K , 4 , 23 , 697 
lunya,IMAGE, 2 , 1 , 1 , 0-500K , 4 , 23 , 697 
pomelofashion,reel,17.97220076, - , - , 500-1000K , 2 , 5 , 420 
pomelofashion,reel,23.9582971, - , - , 500-1000K , 2 , 5 , 420 
pomelofashion,reel,36.22154055, - , - , 500-1000K , 2 , 5 , 420 
pomelofashion,IMAGE,13.19090596, - , - , 500-1000K , 2 , 5 , 420 
pomelofashion,reel,10.90871211, - , - , 500-1000K , 2 , 5 , 420 
pomelofashion,reel,19.28730152, - , - , 500-1000K , 2 , 5 , 420 
pomelofashion,CAROUSEL_ALBUM,12.28820573, - , - , 500-1000K , 2 , 5 , 420 
pomelofashion,CAROUSEL_ALBUM,9.899494937, - , - , 500-1000K , 2 , 5 , 420 
pomelofashion,CAROUSEL_ALBUM,11.70469991, - , - , 500-1000K , 2 , 5 , 420 
pomelofashion,CAROUSEL_ALBUM, 10 , - , - , 500-1000K , 2 , 5 , 420 
pomelofashion,CAROUSEL_ALBUM,18.08314132, - , - , 500-1000K , 2 , 5 , 420 
pomelofashion,CAROUSEL_ALBUM,8.602325267, - , - , 500-1000K , 2 , 5 , 420 
pomelofashion,CAROUSEL_ALBUM,15.26433752, - , - , 500-1000K , 2 , 5 , 420 
pomelofashion,CAROUSEL_ALBUM,9.591663047, - , - , 500-1000K , 2 , 5 , 420 
pomelofashion,CAROUSEL_ALBUM,11.87434209, - , - , 500-1000K , 2 , 5 , 420 
pomelofashion,reel,9.899494937, - , - , 500-1000K , 2 , 5 , 420 
pomelofashion,reel, 9 , - , - , 500-1000K , 2 , 5 , 420 
pomelofashion,reel,14.79864859, - , - , 500-1000K , 2 , 5 , 420 
pomelofashion,reel,16.0623784, - , - , 500-1000K , 2 , 5 , 420 
pomelofashion,reel,23.19482701, - , - , 500-1000K , 2 , 5 , 420 
pomelofashion,reel,22.95648057, 1 , 3 , 500-1000K , 3 , 29 , 419 
pomelofashion,CAROUSEL_ALBUM,35.25620513, 1 , 3 , 500-1000K , 3 , 29 , 419 
pomelofashion,CAROUSEL_ALBUM,15.5241747, 1 , 3 , 500-1000K , 3 , 29 , 419 
pomelofashion,reel, 33 , 1 , 3 , 500-1000K , 3 , 29 , 419 
pomelofashion,reel,27.23967694, 1 , 3 , 500-1000K , 3 , 29 , 419 
pomelofashion,CAROUSEL_ALBUM,25.41653005, 1 , 3 , 500-1000K , 3 , 29 , 419 
pomelofashion,reel,18.16590212, 1 , 3 , 500-1000K , 3 , 29 , 419 
pomelofashion,CAROUSEL_ALBUM,14.59451952, 1 , 3 , 500-1000K , 3 , 29 , 419 
pomelofashion,reel, 38 , 1 , 3 , 500-1000K , 3 , 29 , 419 
pomelofashion,reel,28.28427125, 1 , 3 , 500-1000K , 3 , 29 , 419 
pomelofashion,CAROUSEL_ALBUM,11.48912529, 1 , 3 , 500-1000K , 3 , 29 , 419 
pomelofashion,reel,17.17556404, 1 , 3 , 500-1000K , 3 , 29 , 419 
pomelofashion,reel,15.71623365, 1 , 3 , 500-1000K , 3 , 29 , 419 
pomelofashion,CAROUSEL_ALBUM,12.4498996, 1 , 3 , 500-1000K , 3 , 29 , 419 
pomelofashion,reel,16.0623784, 1 , 3 , 500-1000K , 3 , 29 , 419 
pomelofashion,reel,14.56021978, 1 , 3 , 500-1000K , 3 , 29 , 419 
pomelofashion,reel,18.70828693, 1 , 3 , 500-1000K , 3 , 29 , 419 
pomelofashion,CAROUSEL_ALBUM,15.87450787, 1 , 3 , 500-1000K , 3 , 29 , 419 
pomelofashion,CAROUSEL_ALBUM,12.20655562, 1 , 3 , 500-1000K , 3 , 29 , 419 
pomelofashion,reel,14.45683229, 1 , 3 , 500-1000K , 3 , 29 , 419 
pomelofashion,CAROUSEL_ALBUM,14.35270009, - , - , 500-1000K , 4 , 148 , 702 
pomelofashion,reel, 30 , - , - , 500-1000K , 4 , 148 , 702 
pomelofashion,reel,12.84523258, - , - , 500-1000K , 4 , 148 , 702 
pomelofashion,CAROUSEL_ALBUM,7.937253933, - , - , 500-1000K , 4 , 148 , 702 
pomelofashion,CAROUSEL_ALBUM,20.29778313, - , - , 500-1000K , 4 , 148 , 702 
pomelofashion,reel, 21 , - , - , 500-1000K , 4 , 148 , 702 
pomelofashion,reel,11.83215957, - , - , 500-1000K , 4 , 148 , 702 
pomelofashion,CAROUSEL_ALBUM,20.68816087, - , - , 500-1000K , 4 , 148 , 702 
pomelofashion,reel,17.94435844, - , - , 500-1000K , 4 , 148 , 702 
pomelofashion,reel,11.48912529, - , - , 500-1000K , 4 , 148 , 702 
pomelofashion,reel,22.6715681, - , - , 500-1000K , 4 , 148 , 702 
pomelofashion,IMAGE,9.327379053, - , - , 500-1000K , 4 , 148 , 702 
pomelofashion,reel,18.65475811, - , - , 500-1000K , 4 , 148 , 702 
pomelofashion,CAROUSEL_ALBUM,13.74772708, - , - , 500-1000K , 4 , 148 , 702 
pomelofashion,CAROUSEL_ALBUM,16.0623784, - , - , 500-1000K , 4 , 148 , 702 
pomelofashion,reel,10.24695077, - , - , 500-1000K , 4 , 148 , 702 
pomelofashion,reel,14.79864859, - , - , 500-1000K , 4 , 148 , 702 
pomelofashion,reel, 10 , - , - , 500-1000K , 4 , 148 , 702 
pomelofashion,reel, 12 , - , - , 500-1000K , 4 , 148 , 702 
pomelofashion,reel,23.57965225, - , - , 500-1000K , 4 , 148 , 702 
pomelofashion,CAROUSEL_ALBUM,20.19900988, 1 , 7 , 500-1000K , 2 , 5 , 420 
pomelofashion,CAROUSEL_ALBUM,22.56102835, 1 , 7 , 500-1000K , 2 , 5 , 420 
pomelofashion,reel,23.10844002, 1 , 7 , 500-1000K , 2 , 5 , 420 
pomelofashion,reel,25.29822128, 1 , 7 , 500-1000K , 2 , 5 , 420 
pomelofashion,reel,18.89444363, 1 , 7 , 500-1000K , 2 , 5 , 420 
pomelofashion,reel,18.52025918, 1 , 7 , 500-1000K , 2 , 5 , 420 
pomelofashion,CAROUSEL_ALBUM,21.28379665, 1 , 7 , 500-1000K , 2 , 5 , 420 
pomelofashion,CAROUSEL_ALBUM,21.97726098, 1 , 7 , 500-1000K , 2 , 5 , 420 
pomelofashion,reel,15.3622915, 1 , 7 , 500-1000K , 2 , 5 , 420 
pomelofashion,reel, 20 , 1 , 7 , 500-1000K , 2 , 5 , 420 
pomelofashion,reel,12.32882801, 1 , 7 , 500-1000K , 2 , 5 , 420 
pomelofashion,reel,22.20360331, 1 , 7 , 500-1000K , 2 , 5 , 420 
pomelofashion,reel,15.16575089, 1 , 7 , 500-1000K , 2 , 5 , 420 
pomelofashion,CAROUSEL_ALBUM,17.94435844, 1 , 7 , 500-1000K , 2 , 5 , 420 
pomelofashion,CAROUSEL_ALBUM,15.19868415, 1 , 7 , 500-1000K , 2 , 5 , 420 
pomelofashion,CAROUSEL_ALBUM,17.02938637, 1 , 7 , 500-1000K , 2 , 5 , 420 
pomelofashion,CAROUSEL_ALBUM,17.08800749, 1 , 7 , 500-1000K , 2 , 5 , 420 
pomelofashion,CAROUSEL_ALBUM,21.47091055, 1 , 7 , 500-1000K , 2 , 5 , 420 
pomelofashion,CAROUSEL_ALBUM,13.67479433, 1 , 7 , 500-1000K , 2 , 5 , 420 
pomelofashion,reel,25.96150997, 1 , 7 , 500-1000K , 2 , 5 , 420 
prettylittlething,reel,83.22860085, - , - , 1500-2000K , 1 , 505 ," 12,435 "
prettylittlething,reel,92.0163029, - , - , 1500-2000K , 1 , 505 ," 12,435 "
prettylittlething,reel,57.33236433, - , - , 1500-2000K , 1 , 505 ," 12,435 "
prettylittlething,reel,183.4938691, - , - , 1500-2000K , 1 , 505 ," 12,435 "
prettylittlething,reel,44.12482295, - , - , 1500-2000K , 1 , 505 ," 12,435 "
prettylittlething,reel,63.78871374, - , - , 1500-2000K , 1 , 505 ," 12,435 "
prettylittlething,CAROUSEL_ALBUM,44.86646855, - , - , 1500-2000K , 1 , 505 ," 12,435 "
prettylittlething,CAROUSEL_ALBUM,56.49778757, - , - , 1500-2000K , 1 , 505 ," 12,435 "
prettylittlething,reel,46.67976007, - , - , 1500-2000K , 1 , 505 ," 12,435 "
prettylittlething,CAROUSEL_ALBUM,289.5082037, - , - , 1500-2000K , 1 , 505 ," 12,435 "
prettylittlething,reel,140.0321392, - , - , 1500-2000K , 1 , 505 ," 12,435 "
prettylittlething,CAROUSEL_ALBUM,59.54829972, - , - , 1500-2000K , 1 , 505 ," 12,435 "
prettylittlething,reel,48.74423043, - , - , 1500-2000K , 1 , 505 ," 12,435 "
prettylittlething,reel,43.15089802, - , - , 1500-2000K , 1 , 505 ," 12,435 "
prettylittlething,CAROUSEL_ALBUM,35.14256678, - , - , 1500-2000K , 1 , 505 ," 12,435 "
prettylittlething,reel,160.8726204, - , - , 1500-2000K , 1 , 505 ," 12,435 "
prettylittlething,CAROUSEL_ALBUM, 85 , - , - , 1500-2000K , 1 , 505 ," 12,435 "
prettylittlething,CAROUSEL_ALBUM,73.70210309, - , - , 1500-2000K , 1 , 505 ," 12,435 "
prettylittlething,reel,93.4184136, - , - , 1500-2000K , 1 , 505 ," 12,435 "
prettylittlething,reel,224.7932383, - , - , 1500-2000K , 1 , 505 ," 12,435 "
prettylittlething,IMAGE,97.51410154, 1 , 5 , 1500-2000K , 1 , 505 ," 12,435 "
prettylittlething,reel,95.79144012, 1 , 5 , 1500-2000K , 1 , 505 ," 12,435 "
prettylittlething,reel, 56 , 1 , 5 , 1500-2000K , 1 , 505 ," 12,435 "
prettylittlething,CAROUSEL_ALBUM,60.00833275, 1 , 5 , 1500-2000K , 1 , 505 ," 12,435 "
prettylittlething,reel,51.41984053, 1 , 5 , 1500-2000K , 1 , 505 ," 12,435 "
prettylittlething,CAROUSEL_ALBUM,162.7574883, 1 , 5 , 1500-2000K , 1 , 505 ," 12,435 "
prettylittlething,CAROUSEL_ALBUM,72.55342859, 1 , 5 , 1500-2000K , 1 , 505 ," 12,435 "
prettylittlething,reel,61.38403701, 1 , 5 , 1500-2000K , 1 , 505 ," 12,435 "
prettylittlething,CAROUSEL_ALBUM,72.15954545, 1 , 5 , 1500-2000K , 1 , 505 ," 12,435 "
prettylittlething,IMAGE,306.207446, 1 , 5 , 1500-2000K , 1 , 505 ," 12,435 "
prettylittlething,reel,46.54030511, 1 , 5 , 1500-2000K , 1 , 505 ," 12,435 "
prettylittlething,reel,178.081442, 1 , 5 , 1500-2000K , 1 , 505 ," 12,435 "
prettylittlething,reel,75.43871685, 1 , 5 , 1500-2000K , 1 , 505 ," 12,435 "
prettylittlething,CAROUSEL_ALBUM,202.259734, 1 , 5 , 1500-2000K , 1 , 505 ," 12,435 "
prettylittlething,IMAGE,50.75431016, 1 , 5 , 1500-2000K , 1 , 505 ," 12,435 "
prettylittlething,CAROUSEL_ALBUM,63.03967005, 1 , 5 , 1500-2000K , 1 , 505 ," 12,435 "
prettylittlething,reel,192.623986, 1 , 5 , 1500-2000K , 1 , 505 ," 12,435 "
prettylittlething,IMAGE,225.7321422, 1 , 5 , 1500-2000K , 1 , 505 ," 12,435 "
prettylittlething,CAROUSEL_ALBUM,103.5277741, 1 , 5 , 1500-2000K , 1 , 505 ," 12,435 "
prettylittlething,reel,45.08880127, 1 , 5 , 1500-2000K , 1 , 505 ," 12,435 "
prettylittlething,reel,99.689518, - , - , 1500-2000K , 4 ," 29,556 "," 19,222 "
prettylittlething,reel,43.8178046, - , - , 1500-2000K , 4 ," 29,556 "," 19,222 "
prettylittlething,reel,56.84188596, - , - , 1500-2000K , 4 ," 29,556 "," 19,222 "
prettylittlething,reel,47.86439178, - , - , 1500-2000K , 4 ," 29,556 "," 19,222 "
prettylittlething,CAROUSEL_ALBUM,104.1969289, - , - , 1500-2000K , 4 ," 29,556 "," 19,222 "
prettylittlething,reel,58.62593283, - , - , 1500-2000K , 4 ," 29,556 "," 19,222 "
prettylittlething,IMAGE,210.7320574, - , - , 1500-2000K , 4 ," 29,556 "," 19,222 "
prettylittlething,CAROUSEL_ALBUM,49.28488612, - , - , 1500-2000K , 4 ," 29,556 "," 19,222 "
prettylittlething,reel,127.0511708, - , - , 1500-2000K , 4 ," 29,556 "," 19,222 "
prettylittlething,IMAGE,250.6810723, - , - , 1500-2000K , 4 ," 29,556 "," 19,222 "
prettylittlething,reel,67.58698099, - , - , 1500-2000K , 4 ," 29,556 "," 19,222 "
prettylittlething,reel,82.18880702, - , - , 1500-2000K , 4 ," 29,556 "," 19,222 "
prettylittlething,reel,69.4046108, - , - , 1500-2000K , 4 ," 29,556 "," 19,222 "
prettylittlething,reel,127.9218511, - , - , 1500-2000K , 4 ," 29,556 "," 19,222 "
prettylittlething,reel,50.25932749, - , - , 1500-2000K , 4 ," 29,556 "," 19,222 "
prettylittlething,CAROUSEL_ALBUM,264.2517739, - , - , 1500-2000K , 4 ," 29,556 "," 19,222 "
prettylittlething,IMAGE,70.66823898, - , - , 1500-2000K , 4 ," 29,556 "," 19,222 "
prettylittlething,reel,153.7400403, - , - , 1500-2000K , 4 ," 29,556 "," 19,222 "
prettylittlething,reel, 81 , - , - , 1500-2000K , 4 ," 29,556 "," 19,222 "
prettylittlething,reel,55.78530272, - , - , 1500-2000K , 4 ," 29,556 "," 19,222 "
prettylittlething,reel,63.47440429, 1 , 1 , 1500-2000K , 4 ," 29,556 "," 19,222 "
prettylittlething,reel,41.44876355, 1 , 1 , 1500-2000K , 4 ," 29,556 "," 19,222 "
prettylittlething,CAROUSEL_ALBUM,57.2974694, 1 , 1 , 1500-2000K , 4 ," 29,556 "," 19,222 "
prettylittlething,IMAGE, 139 , 1 , 1 , 1500-2000K , 4 ," 29,556 "," 19,222 "
prettylittlething,reel,50.17967716, 1 , 1 , 1500-2000K , 4 ," 29,556 "," 19,222 "
prettylittlething,reel,81.79242019, 1 , 1 , 1500-2000K , 4 ," 29,556 "," 19,222 "
prettylittlething,CAROUSEL_ALBUM,264.1022529, 1 , 1 , 1500-2000K , 4 ," 29,556 "," 19,222 "
prettylittlething,reel,101.2472222, 1 , 1 , 1500-2000K , 4 ," 29,556 "," 19,222 "
prettylittlething,reel, 85 , 1 , 1 , 1500-2000K , 4 ," 29,556 "," 19,222 "
prettylittlething,IMAGE,298.3688992, 1 , 1 , 1500-2000K , 4 ," 29,556 "," 19,222 "
prettylittlething,reel,52.11525688, 1 , 1 , 1500-2000K , 4 ," 29,556 "," 19,222 "
prettylittlething,IMAGE, 53 , 1 , 1 , 1500-2000K , 4 ," 29,556 "," 19,222 "
prettylittlething,reel,59.14389233, 1 , 1 , 1500-2000K , 4 ," 29,556 "," 19,222 "
prettylittlething,reel,46.84015371, 1 , 1 , 1500-2000K , 4 ," 29,556 "," 19,222 "
prettylittlething,reel, 45 , 1 , 1 , 1500-2000K , 4 ," 29,556 "," 19,222 "
prettylittlething,CAROUSEL_ALBUM,60.53924347, 1 , 1 , 1500-2000K , 4 ," 29,556 "," 19,222 "
prettylittlething,reel,47.2546294, 1 , 1 , 1500-2000K , 4 ," 29,556 "," 19,222 "
prettylittlething,reel,124.7878199, 1 , 1 , 1500-2000K , 4 ," 29,556 "," 19,222 "
prettylittlething,reel, 73 , 1 , 1 , 1500-2000K , 4 ," 29,556 "," 19,222 "
prettylittlething,CAROUSEL_ALBUM,177.1863426, 1 , 1 , 1500-2000K , 4 ," 29,556 "," 19,222 "
prettylittlething,CAROUSEL_ALBUM,61.91930232, - , - , 1500-2000K , 4 ," 29,556 "," 19,222 "
prettylittlething,reel, 54 , - , - , 1500-2000K , 4 ," 29,556 "," 19,222 "
prettylittlething,reel,129.2555608, - , - , 1500-2000K , 4 ," 29,556 "," 19,222 "
prettylittlething,IMAGE,134.9555482, - , - , 1500-2000K , 4 ," 29,556 "," 19,222 "
prettylittlething,CAROUSEL_ALBUM,55.22680509, - , - , 1500-2000K , 4 ," 29,556 "," 19,222 "
prettylittlething,reel,74.26977851, - , - , 1500-2000K , 4 ," 29,556 "," 19,222 "
prettylittlething,IMAGE,141.205524, - , - , 1500-2000K , 4 ," 29,556 "," 19,222 "
prettylittlething,CAROUSEL_ALBUM,61.58733636, - , - , 1500-2000K , 4 ," 29,556 "," 19,222 "
prettylittlething,reel,260.1730194, - , - , 1500-2000K , 4 ," 29,556 "," 19,222 "
prettylittlething,reel,47.44470466, - , - , 1500-2000K , 4 ," 29,556 "," 19,222 "
prettylittlething,IMAGE,62.21736092, - , - , 1500-2000K , 4 ," 29,556 "," 19,222 "
prettylittlething,CAROUSEL_ALBUM,91.03845341, - , - , 1500-2000K , 4 ," 29,556 "," 19,222 "
prettylittlething,IMAGE,83.58229478, - , - , 1500-2000K , 4 ," 29,556 "," 19,222 "
prettylittlething,reel,123.2923355, - , - , 1500-2000K , 4 ," 29,556 "," 19,222 "
prettylittlething,reel,60.30754513, - , - , 1500-2000K , 4 ," 29,556 "," 19,222 "
prettylittlething,CAROUSEL_ALBUM, 50 , - , - , 1500-2000K , 4 ," 29,556 "," 19,222 "
prettylittlething,reel,43.09292285, - , - , 1500-2000K , 4 ," 29,556 "," 19,222 "
prettylittlething,reel,92.63368718, - , - , 1500-2000K , 4 ," 29,556 "," 19,222 "
prettylittlething,reel, 56 , - , - , 1500-2000K , 4 ," 29,556 "," 19,222 "
prettylittlething,reel,65.99242381, - , - , 1500-2000K , 4 ," 29,556 "," 19,222 "
prettylittlething,CAROUSEL_ALBUM,64.42825467, 1 , 6 , 1500-2000K , 1 , 505 ," 12,435 "
prettylittlething,CAROUSEL_ALBUM,70.69653457, 1 , 6 , 1500-2000K , 1 , 505 ," 12,435 "
prettylittlething,CAROUSEL_ALBUM,59.28743543, 1 , 6 , 1500-2000K , 1 , 505 ," 12,435 "
prettylittlething,reel,113.5209232, 1 , 6 , 1500-2000K , 1 , 505 ," 12,435 "
prettylittlething,CAROUSEL_ALBUM,56.83308895, 1 , 6 , 1500-2000K , 1 , 505 ," 12,435 "
prettylittlething,CAROUSEL_ALBUM,254.8313168, 1 , 6 , 1500-2000K , 1 , 505 ," 12,435 "
prettylittlething,CAROUSEL_ALBUM,108.7979779, 1 , 6 , 1500-2000K , 1 , 505 ," 12,435 "
prettylittlething,CAROUSEL_ALBUM,48.43552415, 1 , 6 , 1500-2000K , 1 , 505 ," 12,435 "
prettylittlething,CAROUSEL_ALBUM,126.5859392, 1 , 6 , 1500-2000K , 1 , 505 ," 12,435 "
prettylittlething,reel,84.33267457, 1 , 6 , 1500-2000K , 1 , 505 ," 12,435 "
prettylittlething,CAROUSEL_ALBUM,83.51047838, 1 , 6 , 1500-2000K , 1 , 505 ," 12,435 "
prettylittlething,CAROUSEL_ALBUM,110.2361102, 1 , 6 , 1500-2000K , 1 , 505 ," 12,435 "
prettylittlething,reel,52.20153254, 1 , 6 , 1500-2000K , 1 , 505 ," 12,435 "
prettylittlething,reel,118.0127112, 1 , 6 , 1500-2000K , 1 , 505 ," 12,435 "
prettylittlething,reel,34.74190553, 1 , 6 , 1500-2000K , 1 , 505 ," 12,435 "
prettylittlething,reel, 62 , 1 , 6 , 1500-2000K , 1 , 505 ," 12,435 "
prettylittlething,reel,39.57271787, 1 , 6 , 1500-2000K , 1 , 505 ," 12,435 "
prettylittlething,reel,301.1826688, 1 , 6 , 1500-2000K , 1 , 505 ," 12,435 "
prettylittlething,CAROUSEL_ALBUM,42.44997055, 1 , 6 , 1500-2000K , 1 , 505 ," 12,435 "
prettylittlething,reel, 66 , 1 , 6 , 1500-2000K , 1 , 505 ," 12,435 "
prettylittlething,reel,49.03060269, - , - , 1500-2000K , 2 , 282 ," 11,984 "
prettylittlething,reel,32.84813541, - , - , 1500-2000K , 2 , 282 ," 11,984 "
prettylittlething,reel,53.82378656, - , - , 1500-2000K , 2 , 282 ," 11,984 "
prettylittlething,reel,42.13074887, - , - , 1500-2000K , 2 , 282 ," 11,984 "
prettylittlething,reel, 60 , - , - , 1500-2000K , 2 , 282 ," 11,984 "
prettylittlething,reel,97.62684057, - , - , 1500-2000K , 2 , 282 ," 11,984 "
prettylittlething,reel,43.43961326, - , - , 1500-2000K , 2 , 282 ," 11,984 "
prettylittlething,CAROUSEL_ALBUM,134.9184939, - , - , 1500-2000K , 2 , 282 ," 11,984 "
prettylittlething,reel,44.46346815, - , - , 1500-2000K , 2 , 282 ," 11,984 "
prettylittlething,reel, 45 , - , - , 1500-2000K , 2 , 282 ," 11,984 "
prettylittlething,reel,41.70131892, - , - , 1500-2000K , 2 , 282 ," 11,984 "
prettylittlething,reel,49.54795657, - , - , 1500-2000K , 2 , 282 ," 11,984 "
prettylittlething,reel,105.0856793, - , - , 1500-2000K , 2 , 282 ," 11,984 "
prettylittlething,reel,47.644517, - , - , 1500-2000K , 2 , 282 ," 11,984 "
prettylittlething,reel,58.73670062, - , - , 1500-2000K , 2 , 282 ," 11,984 "
prettylittlething,CAROUSEL_ALBUM,61.56297589, - , - , 1500-2000K , 2 , 282 ," 11,984 "
prettylittlething,reel,60.90155991, - , - , 1500-2000K , 2 , 282 ," 11,984 "
prettylittlething,reel,43.48562981, - , - , 1500-2000K , 2 , 282 ," 11,984 "
prettylittlething,reel,53.27288241, - , - , 1500-2000K , 2 , 282 ," 11,984 "
prettylittlething,CAROUSEL_ALBUM,51.66236541, - , - , 1500-2000K , 2 , 282 ," 11,984 "
prettylittlething,reel,61.6116872, 1 , 2 , 1500-2000K , 2 , 282 ," 11,984 "
prettylittlething,reel,113.6705767, 1 , 2 , 1500-2000K , 2 , 282 ," 11,984 "
prettylittlething,CAROUSEL_ALBUM,69.67783005, 1 , 2 , 1500-2000K , 2 , 282 ," 11,984 "
prettylittlething,reel,39.20459157, 1 , 2 , 1500-2000K , 2 , 282 ," 11,984 "
prettylittlething,CAROUSEL_ALBUM,69.10861017, 1 , 2 , 1500-2000K , 2 , 282 ," 11,984 "
prettylittlething,reel,50.28916384, 1 , 2 , 1500-2000K , 2 , 282 ," 11,984 "
prettylittlething,CAROUSEL_ALBUM,68.84039512, 1 , 2 , 1500-2000K , 2 , 282 ," 11,984 "
prettylittlething,CAROUSEL_ALBUM,43.97726685, 1 , 2 , 1500-2000K , 2 , 282 ," 11,984 "
prettylittlething,CAROUSEL_ALBUM, 138 , 1 , 2 , 1500-2000K , 2 , 282 ," 11,984 "
prettylittlething,IMAGE,49.42671343, 1 , 2 , 1500-2000K , 2 , 282 ," 11,984 "
prettylittlething,CAROUSEL_ALBUM,97.64732459, 1 , 2 , 1500-2000K , 2 , 282 ," 11,984 "
prettylittlething,reel,77.82673063, 1 , 2 , 1500-2000K , 2 , 282 ," 11,984 "
prettylittlething,IMAGE,43.63484846, 1 , 2 , 1500-2000K , 2 , 282 ," 11,984 "
prettylittlething,CAROUSEL_ALBUM,48.95916666, 1 , 2 , 1500-2000K , 2 , 282 ," 11,984 "
prettylittlething,reel,61.64414003, 1 , 2 , 1500-2000K , 2 , 282 ," 11,984 "
prettylittlething,reel, 74 , 1 , 2 , 1500-2000K , 2 , 282 ," 11,984 "
prettylittlething,CAROUSEL_ALBUM,74.02702209, 1 , 2 , 1500-2000K , 2 , 282 ," 11,984 "
prettylittlething,reel,42.62628297, 1 , 2 , 1500-2000K , 2 , 282 ," 11,984 "
prettylittlething,reel,124.7517535, 1 , 2 , 1500-2000K , 2 , 282 ," 11,984 "
prettylittlething,reel,68.27151675, 1 , 2 , 1500-2000K , 2 , 282 ," 11,984 "
fashionphile,reel,22.09072203, - , - , 500-1000K , 4 , 39 , 532 
fashionphile,reel,42.26109322, - , - , 500-1000K , 4 , 39 , 532 
fashionphile,CAROUSEL_ALBUM,22.64950331, - , - , 500-1000K , 4 , 39 , 532 
fashionphile,reel,24.57641145, - , - , 500-1000K , 4 , 39 , 532 
fashionphile,reel, 13 , - , - , 500-1000K , 4 , 39 , 532 
fashionphile,reel, 24 , - , - , 500-1000K , 4 , 39 , 532 
fashionphile,reel,15.42724862, - , - , 500-1000K , 4 , 39 , 532 
fashionphile,reel,24.59674775, - , - , 500-1000K , 4 , 39 , 532 
fashionphile,reel,22.7815715, - , - , 500-1000K , 4 , 39 , 532 
fashionphile,reel,18.11077028, - , - , 500-1000K , 4 , 39 , 532 
fashionphile,reel,25.82634314, - , - , 500-1000K , 4 , 39 , 532 
fashionphile,IMAGE,21.37755833, - , - , 500-1000K , 4 , 39 , 532 
fashionphile,reel,45.08880127, - , - , 500-1000K , 4 , 39 , 532 
fashionphile,reel,15.58845727, - , - , 500-1000K , 4 , 39 , 532 
fashionphile,reel,16.18641406, - , - , 500-1000K , 4 , 39 , 532 
fashionphile,reel,21.28379665, - , - , 500-1000K , 4 , 39 , 532 
fashionphile,CAROUSEL_ALBUM,23.2594067, - , - , 500-1000K , 4 , 39 , 532 
fashionphile,reel,27.91057147, - , - , 500-1000K , 4 , 39 , 532 
fashionphile,reel,27.60434748, - , - , 500-1000K , 4 , 39 , 532 
fashionphile,reel,39.26830783, - , - , 500-1000K , 4 , 39 , 532 
fashionphile,reel,19.18332609, 1 , 1 , 500-1000K , 4 , 39 , 532 
fashionphile,CAROUSEL_ALBUM,12.24744871, 1 , 1 , 500-1000K , 4 , 39 , 532 
fashionphile,reel,9.539392014, 1 , 1 , 500-1000K , 4 , 39 , 532 
fashionphile,reel,21.42428529, 1 , 1 , 500-1000K , 4 , 39 , 532 
fashionphile,reel, 32 , 1 , 1 , 500-1000K , 4 , 39 , 532 
fashionphile,reel, 14 , 1 , 1 , 500-1000K , 4 , 39 , 532 
fashionphile,reel,26.36285265, 1 , 1 , 500-1000K , 1 , 15 , 968 
fashionphile,reel,45.11097427, 1 , 1 , 500-1000K , 1 , 15 , 968 
fashionphile,reel,39.67366885, 1 , 1 , 500-1000K , 1 , 15 , 968 
fashionphile,reel,20.09975124, 1 , 1 , 500-1000K , 1 , 15 , 968 
fashionphile,CAROUSEL_ALBUM,24.63736999, 1 , 1 , 500-1000K , 1 , 15 , 968 
fashionphile,reel,38.13135193, 1 , 1 , 500-1000K , 1 , 15 , 968 
fashionphile,reel,33.36165464, 1 , 1 , 500-1000K , 1 , 15 , 968 
fashionphile,reel, 39 , 1 , 1 , 500-1000K , 1 , 15 , 968 
fashionphile,reel,27.38612788, 1 , 1 , 500-1000K , 1 , 15 , 968 
fashionphile,reel,25.47547841, 1 , 1 , 500-1000K , 1 , 15 , 968 
fashionphile,reel,21.65640783, 1 , 1 , 500-1000K , 1 , 15 , 968 
fashionphile,reel,25.35744467, 1 , 1 , 500-1000K , 1 , 15 , 968 
fashionphile,reel, 13 , 1 , 1 , 500-1000K , 1 , 15 , 968 
fashionphile,reel,22.56102835, 1 , 1 , 500-1000K , 1 , 15 , 968 
fashionphile,reel,24.41311123, - , - , 500-1000K , 3 , 39 , 783 
fashionphile,reel, 24 , - , - , 500-1000K , 3 , 39 , 783 
fashionphile,reel,24.55605832, - , - , 500-1000K , 3 , 39 , 783 
fashionphile,IGTV,10.77032961, - , - , 500-1000K , 3 , 39 , 783 
fashionphile,reel,28.53068524, - , - , 500-1000K , 3 , 39 , 783 
fashionphile,IMAGE, 9 , - , - , 500-1000K , 3 , 39 , 783 
fashionphile,reel, 20 , - , - , 500-1000K , 3 , 39 , 783 
fashionphile,reel,25.43619468, - , - , 500-1000K , 3 , 39 , 783 
fashionphile,reel,25.74878638, - , - , 500-1000K , 3 , 39 , 783 
fashionphile,IMAGE,21.9089023, - , - , 500-1000K , 3 , 39 , 783 
fashionphile,reel,23.06512519, - , - , 500-1000K , 3 , 39 , 783 
fashionphile,reel,17.32050808, - , - , 500-1000K , 3 , 39 , 783 
fashionphile,reel,23.40939982, - , - , 500-1000K , 3 , 39 , 783 
fashionphile,reel, 42 , - , - , 500-1000K , 3 , 39 , 783 
fashionphile,reel,21.63330765, - , - , 500-1000K , 3 , 39 , 783 
fashionphile,reel,10.67707825, - , - , 500-1000K , 3 , 39 , 783 
fashionphile,reel,18.41195264, - , - , 500-1000K , 3 , 39 , 783 
fashionphile,reel,22.53885534, - , - , 500-1000K , 3 , 39 , 783 
fashionphile,reel,41.38840417, - , - , 500-1000K , 3 , 39 , 783 
fashionphile,reel,26.64582519, - , - , 500-1000K , 3 , 39 , 783 
fashionphile,reel,16.76305461, 1 , 4 , 500-1000K , 3 , 39 , 783 
fashionphile,reel,37.49666652, 1 , 4 , 500-1000K , 3 , 39 , 783 
fashionphile,reel,27.89265136, 1 , 4 , 500-1000K , 3 , 39 , 783 
fashionphile,reel,41.20679556, 1 , 4 , 500-1000K , 3 , 39 , 783 
fashionphile,reel,26.2488095, 1 , 4 , 500-1000K , 3 , 39 , 783 
fashionphile,reel,12.68857754, 1 , 4 , 500-1000K , 3 , 39 , 783 
fashionphile,reel,30.49590136, 1 , 4 , 500-1000K , 3 , 39 , 783 
fashionphile,reel,11.18033989, 1 , 4 , 500-1000K , 3 , 39 , 783 
fashionphile,reel,28.72281323, 1 , 4 , 500-1000K , 3 , 39 , 783 
fashionphile,reel,44.05678154, 1 , 4 , 500-1000K , 3 , 39 , 783 
fashionphile,reel,25.98076211, 1 , 4 , 500-1000K , 4 , 39 , 532 
fashionphile,reel,22.4053565, 1 , 4 , 500-1000K , 4 , 39 , 532 
fashionphile,reel,31.20897307, 1 , 4 , 500-1000K , 4 , 39 , 532 
fashionphile,reel,22.06807649, 1 , 4 , 500-1000K , 4 , 39 , 532 
fashionphile,reel,14.79864859, 1 , 4 , 500-1000K , 4 , 39 , 532 
fashionphile,reel,15.13274595, 1 , 4 , 500-1000K , 4 , 39 , 532 
fashionphile,reel,34.20526275, 1 , 4 , 500-1000K , 4 , 39 , 532 
fashionphile,reel, 16 , 1 , 4 , 500-1000K , 4 , 39 , 532 
fashionphile,reel,29.69848481, 1 , 4 , 500-1000K , 4 , 39 , 532 
fashionphile,reel,18.68154169, 1 , 4 , 500-1000K , 4 , 39 , 532 
