Profile,Profile Link,Post Link,Text,Date,Type,Video Length (seconds),Engagement,Engagement Ratio vs Average,Likes,Likes Ratio vs Average,Shares,Shares Ratio vs Average,Saves,Comments,Comments Ratio vs Average,Views,Engagement Rate,Music Name, Music Author, Hashtags, Campaigns
gucci,https://www.tiktok.com/@gucci,http://tiktok.com/@Gucci/video/7213665542660525318,Hanni for #GucciHorsebit1955. #Gucci ,2023-03-23 5:06,video,14,1651620,14.39,1639968,15.59,18513,17.21,11652,12071,12,69860311,2.36417,suono originale Gucci,,guccihorsebit1955 gucci,
gucci,https://www.tiktok.com/@gucci,http://tiktok.com/@Gucci/video/7246769533166423323,Global Brand Ambassador #JungjaeLee for #GucciValigeria #Gucci ,2023-06-20 10:07,video,60,628474,4.85,626653,5.95,8394,7.8,1821,3050,3.03,146057947,0.43029,suono originale Gucci,,jungjaelee guccivaligeria gucci,
gucci,https://www.tiktok.com/@gucci,http://tiktok.com/@Gucci/video/7290950628900228384,Just Paul and his loafers. #GucciHorsebit1953 #PaulMescal,2023-10-17 11:32,video,16,593392,4.52,592145,5.62,2977,2.76,1247,544,0.54,139895972,0.42417,suono originale Gucci,,guccihorsebit1953 paulmescal,
gucci,https://www.tiktok.com/@gucci,http://tiktok.com/@Gucci/video/7282379811761311008,Pre-show bonding #GucciAncora #Hanni @NewJeans @ameliadimz ,2023-09-24 9:13,video,64,564335,4.25,527522,5.01,14346,13.33,36813,3571,3.55,2494067,22.6271,suono originale Gucci,,gucciancora hanni,
gucci,https://www.tiktok.com/@gucci,http://tiktok.com/@Gucci/video/7284651427325021472,Adventures await. #GucciValigeria #BadBunny #KendallJenner ,2023-09-30 12:08,video,11,557791,4.19,549882,5.22,17656,16.41,7909,3244,3.22,68362438,0.81593,suono originale Gucci,,guccivaligeria badbunny kendalljenner,
gucci,https://www.tiktok.com/@gucci,http://tiktok.com/@Gucci/video/7339216365414354208,New handbags from #GucciFW24. #MFW ,2024-02-24 12:07,video,15,524890,3.89,524343,4.98,1799,1.67,547,4678,4.65,42083212,1.24727,suono originale,Gucci,guccifw24 mfw,
gucci,https://www.tiktok.com/@gucci,http://tiktok.com/@Gucci/video/7273764574615162144,#GucciFW23 featuring Vittoria Ceretti and Aboubakar Konte captured by David Sims,2023-09-01 4:01,video,53,518613,3.83,517926,4.92,4118,3.82,687,750,0.74,126843058,0.40886,suono originale Gucci,,guccifw23,
gucci,https://www.tiktok.com/@gucci,http://tiktok.com/@Gucci/video/7295784738378321185,Billie for #Gucci #BillieEilish #GucciHorsebit1955 ,2023-10-30 12:11,video,42,516413,3.81,502898,4.78,4237,3.93,13515,3975,3.95,37588905,1.37384,Billie Eilish What Was I Made For Gucci,,gucci billieeilish guccihorsebit1955,
gucci,https://www.tiktok.com/@gucci,http://tiktok.com/@Gucci/video/7309441776077524257,From Gucci with love.¬†#GucciGift,2023-12-06 6:27,video,15,495534,3.61,494001,4.69,2504,2.32,1533,1190,1.18,54764747,0.90484,,,guccigift,
gucci,https://www.tiktok.com/@gucci,http://tiktok.com/@Gucci/video/7271181430540078369,Seeing the world through #Gucci glasses #GucciEyewear,2023-08-25 4:57,video,30,479450,3.46,477527,4.54,4260,3.96,1923,3024,3,77789536,0.61634,suono originale Gucci,,gucci guccieyewear,
gucci,https://www.tiktok.com/@gucci,http://tiktok.com/@Gucci/video/7338919619878571297,Headed to the #GucciFW24 runway #MFW #FashionForYou ,2024-02-23 16:56,video,17,468476,3.36,468040,4.44,1930,1.79,436,1353,1.34,53168877,0.88111,,,guccifw24 mfw fashionforyou,
gucci,https://www.tiktok.com/@gucci,http://tiktok.com/@Gucci/video/7339150406745918752,#Hanni from #NewJeans interviewed by @The People Gallery at the #GucciFW24 show. #MFW,2024-02-24 7:51,video,48,463368,3.31,426447,4.05,3678,3.41,36921,3449,3.42,2200162,21.06063,suono originale,Gucci,hanni newjeans guccifw24 mfw,
gucci,https://www.tiktok.com/@gucci,http://tiktok.com/@Gucci/video/7250137412960029978,A ?? on set with #JannikSinner #AHerosJourney ,2023-06-29 11:56,video,16,387216,2.6,386059,3.67,2163,2.01,1157,486,0.48,10881444,3.5585,suono originale Gucci,,janniksinner aherosjourney,
gucci,https://www.tiktok.com/@gucci,http://tiktok.com/@Gucci/video/7214160229783719173,Halle Bailey for #GucciHorsebit1955. #Gucci ,2023-03-24 13:06,video,15,376550,2.5,374755,3.56,4448,4.13,1795,6631,6.59,12261757,3.07093,suono originale Gucci,,guccihorsebit1955 gucci,
gucci,https://www.tiktok.com/@gucci,http://tiktok.com/@Gucci/video/7218476614336646405,Global Brand Ambassador Hanni from NewJeans is the first protagonist of The 21 Gucci?ôs new interview series.,2023-04-05 4:16,video,21,364796,2.39,357565,3.39,4415,4.1,7231,2226,2.21,5021161,7.26517,suono originale Gucci,,,
gucci,https://www.tiktok.com/@gucci,http://tiktok.com/@Gucci/video/7293061765531749665,The art of nonchalance.  #XiaoZhan #GucciHorsebit1953,2023-10-23 4:04,video,20,324264,2.02,317443,3.01,4628,4.3,6821,3322,3.3,33672648,0.96299,suono originale Gucci,,xiaozhan guccihorsebit1953,
gucci,https://www.tiktok.com/@gucci,http://tiktok.com/@Gucci/video/7290577005001624865,A question of style. #GucciHorsebit1953 #PaulMescal ,2023-10-16 11:22,video,26,316304,1.94,313791,2.98,7231,6.72,2513,2891,2.87,53697482,0.58905,suono originale Gucci,,guccihorsebit1953 paulmescal,
gucci,https://www.tiktok.com/@gucci,http://tiktok.com/@Gucci/video/7322890993936698656,See you there #GucciFW24 #JayPark #MFS ,2024-01-11 12:17,video,25,281155,1.61,279018,2.65,1288,1.19,2137,1358,1.35,22100789,1.27215,,,guccifw24 jaypark mfs,
gucci,https://www.tiktok.com/@gucci,http://tiktok.com/@Gucci/video/7238997361677192475,#HalleBailey?ôs handbag essentials ?êö #GucciHorsebit1955 ,2023-05-30 11:27,video,31,279140,1.6,278585,2.64,1539,1.43,555,1996,1.98,10437958,2.67428,suono originale Gucci,,hallebailey?ôs guccihorsebit1955,
gucci,https://www.tiktok.com/@gucci,http://tiktok.com/@Gucci/video/7263746965131889953,Liu Wen?ôs runway walk is ?? #GucciBamboo1947 #LiuWen,2023-08-05 4:08,video,28,278874,1.59,278252,2.64,1008,0.93,622,509,0.5,15558717,1.7924,suono originale Gucci,,guccibamboo1947 liuwen,
gucci,https://www.tiktok.com/@gucci,http://tiktok.com/@Gucci/video/7218606852584606981,Why is self-expression important? Global Brand Ambassador Hanni from NewJeans for The 21.,2023-04-05 12:41,video,29,277214,1.58,274792,2.61,2074,1.92,2422,1110,1.1,8733601,3.17411,suono originale Gucci,,,
gucci,https://www.tiktok.com/@gucci,http://tiktok.com/@Gucci/video/7282120322596261153,Its a story of life #GucciAncora #GucciSS24 #SabatoDeSarno ,2023-09-23 16:26,video,17,266717,1.48,266026,2.52,1860,1.72,691,637,0.63,13493553,1.97663,suono originale Gucci,,gucciancora gucciss24 sabatodesarno,
gucci,https://www.tiktok.com/@gucci,http://tiktok.com/@Gucci/video/7301735064646208801,Time to celebrate #GucciGift ,2023-11-15 12:01,video,59,261510,1.43,260648,2.47,4770,4.43,862,1602,1.59,119868589,0.21816,suono originale Gucci,,guccigift,
gucci,https://www.tiktok.com/@gucci,http://tiktok.com/@Gucci/video/7281665760576032032,This is Sabato for Gucci #GucciAncora #GucciSS24,2023-09-22 11:02,video,13,260362,1.42,260036,2.47,678,0.63,326,281,0.27,11399328,2.28401,suono originale Gucci,,gucciancora gucciss24,
gucci,https://www.tiktok.com/@gucci,http://tiktok.com/@Gucci/video/7339508990713400609,A peek backstage at #GucciFW24. #MFW ,2024-02-25 7:03,video,23,259958,1.42,259687,2.46,998,0.92,271,1315,1.3,50421493,0.51557,,,guccifw24 mfw,
gucci,https://www.tiktok.com/@gucci,http://tiktok.com/@Gucci/video/7227062468051225882,Global Brand Ambassador #XiaoZhan enters into the story of the Houses origins at #GucciCosmos.,2023-04-28 7:33,video,18,258504,1.4,237807,2.26,7361,6.84,20697,5079,5.04,1064591,24.282,suono originale Gucci,,xiaozhan guccicosmos,
gucci,https://www.tiktok.com/@gucci,http://tiktok.com/@Gucci/video/7339634664958692641,Walk that walk. #GucciFW24 #MFW ,2024-02-25 15:11,video,18,256343,1.38,256015,2.43,1327,1.23,328,797,0.79,29952745,0.85582,,,guccifw24 mfw,
gucci,https://www.tiktok.com/@gucci,http://tiktok.com/@Gucci/video/7238249704759348507,Take a peek inside #HalleBailey?ôs bag #GucciHorsebit1955,2023-05-28 11:05,video,27,252228,1.35,250610,2.38,1775,1.65,1618,1449,1.44,4127035,6.1116,suono originale Gucci,,hallebailey?ôs guccihorsebit1955,
gucci,https://www.tiktok.com/@gucci,http://tiktok.com/@Gucci/video/7323516477976415520,Follow the backstage journey #GucciAncora #GucciFW24 #MFW ,2024-01-13 4:44,video,13,248772,1.31,248061,2.35,1148,1.06,711,1546,1.53,32872843,0.75677,,,gucciancora guccifw24 mfw,
gucci,https://www.tiktok.com/@gucci,http://tiktok.com/@Gucci/video/7324037472231394592,Runway reflections #GucciAncora #GucciFW24 #MFW ,2024-01-14 14:26,video,20,236263,1.2,235520,2.23,1832,1.7,743,2901,2.88,59420904,0.39761,,,gucciancora guccifw24 mfw,
gucci,https://www.tiktok.com/@gucci,http://tiktok.com/@Gucci/video/7339087068770979104,Flowers that sparkle #GucciFW24 #MFW ,2024-02-24 3:46,video,29,233733,1.17,233524,2.22,778,0.72,209,625,0.62,23680149,0.98704,suono originale,Gucci,guccifw24 mfw,
gucci,https://www.tiktok.com/@gucci,http://tiktok.com/@Gucci/video/7249014697545059611,Seeing #GucciVisions #Gucci,2023-06-26 11:19,video,39,230520,1.14,230214,2.18,1263,1.17,306,331,0.32,14487364,1.59118,suono originale Gucci,,guccivisions gucci,
gucci,https://www.tiktok.com/@gucci,http://tiktok.com/@Gucci/video/7281716207714159904,A story of immediate feelings and emotions. #GucciAncora #GucciSS24,2023-09-22 14:17,video,19,230034,1.14,229566,2.18,1565,1.45,468,837,0.83,15320201,1.50151,suono originale Gucci,,gucciancora gucciss24,
gucci,https://www.tiktok.com/@gucci,http://tiktok.com/@Gucci/video/7320184639925079329,#NiNi and #ChangChen for #GucciValigeria ,2024-01-04 5:15,video,35,224186,1.08,221041,2.1,1798,1.67,3145,970,0.96,58883437,0.38073,suono originale Gucci,,nini changchen guccivaligeria,
gucci,https://www.tiktok.com/@gucci,http://tiktok.com/@Gucci/video/7323304444244856097,Sabato De Sarno?ôs first menswear collection. #GucciAncora #GucciFW24 #MFW ,2024-01-12 15:01,video,15,222151,1.07,221322,2.1,1250,1.16,829,2602,2.58,29786428,0.74581,,,gucciancora guccifw24 mfw,
gucci,https://www.tiktok.com/@gucci,http://tiktok.com/@Gucci/video/7235212380974746906,Thoughts before #GucciCruise24,2023-05-20 6:39,video,37,221229,1.06,221012,2.1,590,0.54,217,388,0.38,6349323,3.48429,suono originale Gucci,,guccicruise24,
gucci,https://www.tiktok.com/@gucci,http://tiktok.com/@Gucci/video/7306935600131755297,Feeling love #GucciGift,2023-11-29 12:22,video,15,212696,0.98,211949,2.01,1261,1.17,747,397,0.39,41990356,0.50654,suono originale Gucci,,guccigift,
gucci,https://www.tiktok.com/@gucci,http://tiktok.com/@Gucci/video/7323619997362769185,Contemporary and archival #GucciAncora #GucciFW24 #MFW ,2024-01-13 11:26,video,15,212190,0.97,211398,2,1178,1.09,792,902,0.89,37874789,0.56024,,,gucciancora guccifw24 mfw,
gucci,https://www.tiktok.com/@gucci,http://tiktok.com/@Gucci/video/7283053927212371233,Experiencing #GucciAncora @devon lee carlson ,2023-09-26 4:49,video,136,209134,0.94,208734,1.98,1001,0.93,400,562,0.55,15650925,1.33624,suono originale Gucci,,gucciancora,
gucci,https://www.tiktok.com/@gucci,http://tiktok.com/@Gucci/video/7235619851190963482,Focus on the Horsebit #GucciCruise24,2023-05-21 9:00,video,15,208061,0.93,207867,1.97,539,0.5,194,237,0.23,5401176,3.85214,suono originale Gucci,,guccicruise24,
gucci,https://www.tiktok.com/@gucci,http://tiktok.com/@Gucci/video/7323907140387736865,Texture and light #GucciAncora #GucciFW24 #MFW ,2024-01-14 6:00,video,24,192676,0.79,191404,1.81,1156,1.07,1272,1306,1.29,20201927,0.95375,,,gucciancora guccifw24 mfw,
gucci,https://www.tiktok.com/@gucci,http://tiktok.com/@Gucci/video/7339316366534626593,An emotional embrace #GucciFW24 #MFW,2024-02-24 18:36,video,29,182481,0.7,182082,1.73,1093,1.01,399,507,0.5,26665644,0.68433,suono originale,Gucci,guccifw24 mfw,
gucci,https://www.tiktok.com/@gucci,http://tiktok.com/@Gucci/video/7234051834665635099,Details from #GucciCruise24 ,2023-05-17 3:36,video,14,181404,0.69,181177,1.72,715,0.66,227,545,0.54,12353315,1.46846,suono originale Gucci,,guccicruise24,
gucci,https://www.tiktok.com/@gucci,http://tiktok.com/@Gucci/video/7211434196873530630,Twinning in #GucciSS23. #Gucci,2023-03-17 4:47,video,34,174377,0.62,173633,1.65,1454,1.35,744,1390,1.38,8216269,2.12234,suono originale Gucci,,gucciss23 gucci,
gucci,https://www.tiktok.com/@gucci,http://tiktok.com/@Gucci/video/7282671868417412384,Presenting the Jackie Notte a sexy take on an archival icon. #GucciAncora #GucciSS24 ,2023-09-25 4:06,video,10,170275,0.58,169952,1.61,639,0.59,323,236,0.23,9927808,1.71513,suono originale Gucci,,gucciancora gucciss24,
m_.gucci,https://www.tiktok.com/@m_.gucci,https://www.tiktok.com/@m_.gucci/video/7270938510389972256,ÿ®?ÿØÿ± ÿ≠ÿ®? ??ÿ±ÿ≥?? ÿß?ÿ™ÿ® ?ÿßÿ≠ÿ≥??  ??? ?ÿß?ÿ≠ÿß?ÿ∂ÿ© ÿ±ÿßÿ≠ ÿßÿ™ÿ≤?ÿ±  #?ÿ≠ÿ±? #ÿß?ÿπÿ±ÿß? #fypp ,2023-08-24 13:14,video,58,161370,0.5,133200,1.26,2170,2.01,11700,14300,14.21,1600000,10.08563,Cornfield Chase Hans Zimmer,,?ÿ≠ÿ±? ÿß?ÿπÿ±ÿß? fypp,
m_.gucci,https://www.tiktok.com/@m_.gucci,https://www.tiktok.com/@m_.gucci/video/7279398088949730593,ÿπ?ÿß?ÿßÿ™ ÿß?ÿ≥ÿßÿπÿ© ?ÿ∂??ÿ± ÿß?ÿß?ÿß? ÿß???ÿØ? (ÿπ) ÿ®?ÿØÿ± ÿ≠ÿ®? ??ÿ±ÿ≥?? ÿß?ÿ™ÿ® ?ÿß???  #ÿß?ÿπÿ±ÿß? #explore #fypp ,2023-09-16 8:22,video,174,157925,0.47,142200,1.35,1882,1.74,11300,2543,2.52,965200,16.36189,Cornfield Chase Hans Zimmer,,ÿß?ÿπÿ±ÿß? explore fypp,
gucci,https://www.tiktok.com/@gucci,http://tiktok.com/@Gucci/video/7227332037877763355,Setting #GucciCosmos in orbit. #Gucci ,2023-04-29 0:59,video,30,157156,0.46,156771,1.49,511,0.47,385,227,0.22,7245188,2.16911,suono originale Gucci,,guccicosmos gucci,
gucci,https://www.tiktok.com/@gucci,http://tiktok.com/@Gucci/video/7238619427955166490,?ï∂Ô∏?The 21 with #HalleBailey. #GucciHorsebit1955 ,2023-05-29 11:00,video,22,157105,0.46,156599,1.48,736,0.68,506,641,0.63,5167894,3.04002,suono originale Gucci,,hallebailey guccihorsebit1955,
gucci,https://www.tiktok.com/@gucci,http://tiktok.com/@Gucci/video/7234345297747496218,Guests at #GucciCruise24,2023-05-17 22:34,video,13,145962,0.36,144695,1.37,345,0.32,1267,1744,1.73,2233771,6.53433,suono originale Gucci,,guccicruise24,
m_.gucci,https://www.tiktok.com/@m_.gucci,https://www.tiktok.com/@m_.gucci/video/7268294422352186656,?? ?ÿß?ÿ≠ÿß?ÿ∂ÿ© ÿ±ÿßÿ≠ ÿ™ÿ∑?ÿπ ? ?? ÿß?ÿ±ÿ®ÿß ÿß?? ÿß?ÿß?ÿß? ÿß?ÿ≠ÿ≥?? ? ÿ®?ÿØÿ± ÿ≠ÿ®? ??ÿ±ÿ≥?? ÿß?ÿ™ÿ® ?ÿßÿ≠ÿ≥?? ?ÿ™ÿßÿ®ÿπ?ÿß ÿ≠ÿ™? ?ÿ≥ÿ™?ÿ± ÿ®?ÿ¥ÿ± ÿß??ÿ∂?ÿ©  #?ÿ≠ÿ±? #ÿß?ÿπÿ±ÿß? #explore #fypp #CapCut ,2023-08-17 10:14,video,47,139879,0.3,108300,1.02,2443,2.27,8536,20600,20.48,988400,14.15206,Cornfield Chase Hans Zimmer,,?ÿ≠ÿ±? ÿß?ÿπÿ±ÿß? explore fypp capcut,
gucci,https://www.tiktok.com/@gucci,http://tiktok.com/@Gucci/video/7262742076582808864,Holding heritage #GucciBamboo1947 #LiuWen,2023-08-02 11:08,video,10,139282,0.29,138852,1.32,1790,1.66,430,293,0.29,26854667,0.51865,suono originale Gucci,,guccibamboo1947 liuwen,
m_.gucci,https://www.tiktok.com/@m_.gucci,https://www.tiktok.com/@m_.gucci/video/7214085424564751622,ÿßÿ±ÿÆÿµ ?ÿ∑?ÿ± ?ÿ≥ÿ≠?ÿ± ÿ±?ÿ∂ÿß?? ? ?ÿß?? ?ÿπ?? 30 ÿ±?ÿ≠ ÿß?? ÿßÿ®?ÿßÿ¥ ÿß? ÿ™ÿ¨?? ??ÿ®?ÿ™ ?ÿß???  #ÿ∑ÿπÿß? #ÿß?ÿπÿ±ÿß? #?ÿ∑ÿπ? ,2023-03-24 8:15,video,49,132141,0.23,120500,1.14,1430,1.32,7329,2882,2.86,3500000,3.77546,Dreamland ?øÂà©,,ÿ∑ÿπÿß? ÿß?ÿπÿ±ÿß? ?ÿ∑ÿπ?,
gucci,https://www.tiktok.com/@gucci,http://tiktok.com/@Gucci/video/7234373099221716251,#GucciCruise24 makes its debut,2023-05-18 0:22,video,15,128624,0.19,128465,1.22,395,0.36,159,228,0.22,9102028,1.41314,suono originale Gucci,,guccicruise24,
gucci,https://www.tiktok.com/@gucci,http://tiktok.com/@Gucci/video/7230752092724481306,Escape to your #GucciSummerStories,2023-05-08 6:11,video,60,125094,0.16,124822,1.18,1171,1.08,272,189,0.18,29275554,0.4273,suono originale Gucci,,guccisummerstories,
gucci,https://www.tiktok.com/@gucci,http://tiktok.com/@Gucci/video/7282311206763810080,Feeling the rush #GucciAncora @Troye Sivan @ameliadimz ,2023-09-24 4:46,video,52,120786,0.12,118570,1.12,1410,1.31,2216,177,0.17,833969,14.48327,suono originale Gucci,,gucciancora,
gucci,https://www.tiktok.com/@gucci,http://tiktok.com/@Gucci/video/7327958928984198433,#DariaWerbowy for #GucciHighJewelry shot by #DavidSims,2024-01-25 4:03,video,16,117000,0.09,114854,1.09,786,0.73,2146,182,0.18,33177603,0.35265,,,dariawerbowy guccihighjewelry davidsims,
gucci,https://www.tiktok.com/@gucci,http://tiktok.com/@Gucci/video/7233800319585635611,Inspiring wonder since 1395 Gyeongbokung Palace is one of Seouls most iconic locations. #GucciCruise24 ,2023-05-16 11:19,video,25,112574,0.04,112165,1.06,1298,1.2,409,495,0.49,20517739,0.54867,suono originale Gucci,,guccicruise24,
gucci,https://www.tiktok.com/@gucci,http://tiktok.com/@Gucci/video/7217469114170756357,Twisting together heritage codes. #adidasxGucci #Gucci ,2023-04-02 11:06,video,9,110584,0.03,110194,1.04,1178,1.09,390,1591,1.58,10776579,1.02615,suono originale Gucci,,adidasxgucci gucci,
gucci,https://www.tiktok.com/@gucci,http://tiktok.com/@Gucci/video/7235389239985278235,Pre-show energy at #GucciCruise24,2023-05-20 18:05,video,14,110229,0.02,110090,1.04,687,0.63,139,423,0.42,5704191,1.93242,suono originale Gucci,,guccicruise24,
gucci,https://www.tiktok.com/@gucci,http://tiktok.com/@Gucci/video/7216623019987340550,A dynamic duo. #adidasxGucci #Gucci ,2023-03-31 4:23,video,9,106018,-0.01,105720,1,1747,1.62,298,1150,1.14,19443108,0.54527,suono originale Gucci,,adidasxgucci gucci,
gucci,https://www.tiktok.com/@gucci,http://tiktok.com/@Gucci/video/7214549880587504902,Julia Garner for #GucciHorsebit1955. #Gucci ,2023-03-25 14:18,video,15,103881,-0.03,103305,0.98,1726,1.6,576,1312,1.3,14329794,0.72493,suono originale Gucci,,guccihorsebit1955 gucci,
gucci,https://www.tiktok.com/@gucci,http://tiktok.com/@Gucci/video/7339841875865537825,A season of bold contrasts #GucciFW24 #MFW,2024-02-26 4:35,video,28,101884,-0.05,101653,0.96,506,0.47,231,321,0.31,16338378,0.62359,,,guccifw24 mfw,
gucci,https://www.tiktok.com/@gucci,http://tiktok.com/@Gucci/video/7211912573346778373,Lit up in Gucci. #Gucci,2023-03-18 11:44,video,15,101421,-0.05,101096,0.96,610,0.56,325,165,0.16,4062358,2.4966,suono originale Gucci,,gucci,
gucci,https://www.tiktok.com/@gucci,http://tiktok.com/@Gucci/video/7323948149771357473,Friends of the House at Fall Winter 2024 #GucciAncora #GucciFW24 #mfw23 ,2024-01-14 8:39,video,19,100672,-0.06,97351,0.92,757,0.7,3321,2298,2.28,1231416,8.1753,,,gucciancora guccifw24 mfw23,
m_.gucci,https://www.tiktok.com/@m_.gucci,https://www.tiktok.com/@m_.gucci/video/7257205830624218394,ÿ™ÿ®ÿØ?? ÿ±ÿß?ÿ© ÿß?ÿ≠ÿ≥?? ÿß?ÿß? ? ÿ®?ÿØÿ± ÿ≠ÿ®? ??ÿ≠ÿ≥?? ÿß?ÿ™ÿ® ?ÿßÿ≠ÿ≥?? ?ÿßÿ∑?ÿ® ÿß???ÿ™?  #?ÿ≠ÿ±? #ÿß?ÿπÿ±ÿß? #?ÿ±ÿ®?ÿßÿ° #explore #fypp ,2023-07-18 13:05,video,31,99192,-0.07,82600,0.78,478,0.44,4814,11300,11.23,649500,15.27206,??ÿ™ÿ∏ÿ± ÿß???ÿµ?ÿµ?.. ÿ≥?ÿØÿ© ÿπ??ÿ© ??ÿßÿ© ÿß??ÿ±?ÿØ?? ÿß??ÿ∂ÿßÿ¶?ÿ©,,?ÿ≠ÿ±? ÿß?ÿπÿ±ÿß? ?ÿ±ÿ®?ÿßÿ° explore fypp,
gucci,https://www.tiktok.com/@gucci,http://tiktok.com/@Gucci/video/7268677813119618336,Alia Bhatt not sharing her secrets on The 21. #GucciBamboo1947,2023-08-18 11:02,video,38,96001,-0.1,95470,0.9,1870,1.73,531,439,0.43,8772955,1.09428,suono originale Gucci,,guccibamboo1947,
gucci,https://www.tiktok.com/@gucci,http://tiktok.com/@Gucci/video/7339128140649860384,Sabato De Sarno?ôs #GucciFW24 women?ôs collection #MFW ,2024-02-24 6:25,video,15,95666,-0.1,95489,0.9,601,0.55,177,279,0.27,21308188,0.44896,suono originale,Gucci,guccifw24 mfw,
gucci,https://www.tiktok.com/@gucci,http://tiktok.com/@Gucci/video/7280510097892134177,Ancora Milano #GucciAncora ,2023-09-19 8:17,video,23,91640,-0.14,91445,0.86,732,0.68,195,334,0.33,5137055,1.7839,suono originale Gucci,,gucciancora,
gucci,https://www.tiktok.com/@gucci,http://tiktok.com/@Gucci/video/7225882289945824538,?ì∏ ?ì∏ ?ì∏ The 21 with #JuliaGarner #GucciHorsebit1955,2023-04-25 3:13,video,15,91253,-0.14,91085,0.86,377,0.35,168,208,0.2,4148875,2.19946,suono originale Gucci,,juliagarner guccihorsebit1955,
gucci,https://www.tiktok.com/@gucci,https://www.tiktok.com/@gucci/video/7233025412761177371,Global Brand Ambassador #KAI discovers Gyeongbokgung Palace in Seoul where #GucciCruise24 will debut ,2023-05-14 9:12,video,33,87138,-0.18,79600,0.75,1724,1.6,2664,3150,3.13,573200,15.20202,suono originale Gucci,,kai guccicruise24,
m_.gucci,https://www.tiktok.com/@m_.gucci,https://www.tiktok.com/@m_.gucci/video/7207092845403000070,ÿßÿÆÿ∑ÿ± ??ÿ∂?ÿπ ÿ®ÿß?ÿπÿß?? ?åé ?ÿß?? ?ÿßÿ™ÿ≠ÿØÿß? ÿßÿ™??? ?? ?ÿ≠?ÿØ ?ÿ≤?ÿ±ÿßÿ° ?ÿπ?? ??ÿ±?? ÿπÿØ?? ÿ®ÿß?ÿ®?ÿ™  ?ÿß?ÿ´ÿ± ?ÿßÿ≠ÿØ ?ÿπ?? ÿßÿ´ÿ®ÿ™ÿ© ??ÿ¥ÿ±ÿ© ?ÿß???   #ÿß?ÿπÿ±ÿß? #tiktok #ÿ®ÿ∫ÿØÿßÿØ #explore #ÿß??ÿß??? ,2023-03-05 11:01,video,44,86375,-0.19,80800,0.76,925,0.86,4650,0,0,1200000,7.19792,Love You So The King Khan & BBQ Show,,ÿß?ÿπÿ±ÿß? tiktok ÿ®ÿ∫ÿØÿßÿØ explore ÿß??ÿß???,
gucci,https://www.tiktok.com/@gucci,http://tiktok.com/@Gucci/video/7227018134778039578,Lighting up the Shanghai skyline. #GucciCosmos #Gucci,2023-04-28 4:41,video,29,83667,-0.22,83480,0.79,581,0.54,187,239,0.23,3763285,2.22324,suono originale Gucci,,guccicosmos gucci,
gucci,https://www.tiktok.com/@gucci,http://tiktok.com/@Gucci/video/7263457647876181280,An instant emblem forged by a flame #GucciBamboo1947 ,2023-08-04 9:25,video,30,77667,-0.27,75019,0.71,1576,1.46,2648,556,0.55,1317206,5.89634,suono originale Gucci,,guccibamboo1947,
gucci,https://www.tiktok.com/@gucci,http://tiktok.com/@Gucci/video/7245679889028779291,Visit the temporary exhibition in Milan open until Sunday June 18 at 6 p.m.,2023-06-17 11:38,video,26,74831,-0.3,74666,0.7,1094,1.01,165,429,0.42,30220275,0.24762,suono originale Gucci,,,
gucci,https://www.tiktok.com/@gucci,http://tiktok.com/@Gucci/video/7296585643713449248,BTS with #BillieEilish #GucciHorsebit1955  ,2023-11-01 15:58,carrousel,0,73001,-0.31,63059,0.59,637,0.59,9942,858,0.85,252997,28.85449,Pink Drink Charmer & Klay,,billieeilish guccihorsebit1955,
gucci,https://www.tiktok.com/@gucci,http://tiktok.com/@Gucci/video/7211527091299306757,Great mind think alike. #Gucci #GucciSS23,2023-03-17 10:48,video,27,70973,-0.33,70679,0.67,909,0.84,294,332,0.33,9035127,0.78552,suono originale Gucci,,gucci gucciss23,
gucci,https://www.tiktok.com/@gucci,http://tiktok.com/@Gucci/video/7282409137286155552,The faces of #GucciAncora #GucciBeauty ,2023-09-24 11:06,video,9,68633,-0.36,68291,0.64,372,0.34,342,156,0.15,4129128,1.66217,suono originale Gucci,,gucciancora guccibeauty,
m_.gucci,https://www.tiktok.com/@m_.gucci,https://www.tiktok.com/@m_.gucci/video/7237089562898550043,ÿπ?ÿß?ÿßÿ™ ÿß?ÿ≥ÿßÿπÿ© ? ÿßÿ∞ÿß ??ÿ™ ?ÿ≥?? ?ÿß?? ?ÿ®?ÿØÿ± ÿ≠ÿ®? ?ÿ±ÿ≥?? ÿß?ÿ™ÿ® ?ÿßÿß???  #ÿß?ÿπÿ±ÿß? #CapCut #fyp #explore #ÿØ?? #ÿß?ÿ≥ÿπ?ÿØ?ÿ© #ÿØÿ®? #ÿß????ÿ™ ,2023-05-25 8:03,video,174,65895,-0.38,59300,0.56,695,0.64,4499,1401,1.39,438100,15.04109,ÿß?ÿµ?ÿ™ ÿß?ÿ£ÿµ?? ?ÿ≠?ÿØ ÿß?ÿµÿß?? ?ñÔ∏è,,ÿß?ÿπÿ±ÿß? capcut fyp explore ÿØ?? ÿß?ÿ≥ÿπ?ÿØ?ÿ© ÿØÿ®? ÿß????ÿ™,
m_.gucci,https://www.tiktok.com/@m_.gucci,https://www.tiktok.com/@m_.gucci/video/7214440315950943494,ÿßÿ±ÿÆÿµ ?ÿ∑?ÿ± ?ÿ≥ÿ≠?ÿ± ÿ±?ÿ∂ÿß?? ? ?ÿß??? ÿ≠ÿ∑ ?ÿß?? ?ÿπ??50 ?ÿ±?ÿ≠ ÿß??ÿ© ÿßÿ®?ÿßÿ¥ ? 20 ÿ¥ÿÆÿµ ??ÿ∑  #ÿ±?ÿ∂ÿß? #ÿß?ÿπÿ±ÿß? #explore ,2023-03-25 7:13,video,51,64272,-0.4,57900,0.55,1796,1.67,3081,1495,1.48,1300000,4.944,Dreamland ?øÂà©,,ÿ±?ÿ∂ÿß? ÿß?ÿπÿ±ÿß? explore,
gucci,https://www.tiktok.com/@gucci,http://tiktok.com/@Gucci/video/7234449874836557083,Cultures codes and emblems come together #GucciCruise24,2023-05-18 5:20,video,14,62286,-0.41,62144,0.59,220,0.2,142,161,0.16,2353293,2.64676,suono originale Gucci,,guccicruise24,
m_.gucci,https://www.tiktok.com/@m_.gucci,https://www.tiktok.com/@m_.gucci/video/7208201132911381766,ÿ®??ÿßÿ≥ÿ®ÿ© ÿπ?ÿØ ÿß?ÿ≠ÿ® ???ÿ±ÿ£ÿ© ÿß?ÿπÿß??ÿ© ÿßÿ¥ÿ™ÿ±?ÿ™ ÿ≥?ÿßÿ±ÿ© ?ÿ≠ÿ®?ÿ®ÿ™?  ? ÿ®?ÿØÿ± ÿ≠ÿ®? ?ÿß?? ?ÿß?? ?ÿß?ÿµ??ÿ© ÿ®???ÿ© ?§Ô∏è  #ÿß?ÿπÿ±ÿß? #explore #ÿ®ÿ∫ÿØÿßÿØ ,2023-03-08 10:41,video,33,62176,-0.42,55000,0.52,476,0.44,4675,2025,2.01,981900,6.33221,Creepy Violins Apollo Nove,,ÿß?ÿπÿ±ÿß? explore ÿ®ÿ∫ÿØÿßÿØ,
gucci,https://www.tiktok.com/@gucci,http://tiktok.com/@Gucci/video/7218952533773929733,?ôÇ Global Brand Ambassador Hanni from NewJeans for The 21.,2023-04-06 11:02,video,15,61163,-0.43,59946,0.56,461,0.42,1217,223,0.22,4075884,1.50061,suono originale Gucci,,,
gucci,https://www.tiktok.com/@gucci,http://tiktok.com/@Gucci/video/7298500085585956128,#JodieTurnerSmith attending the 2023 LACMA Art+Film Gala. #GucciLacma2023 ,2023-11-06 18:48,video,14,59866,-0.44,57285,0.54,1286,1.19,2581,2329,2.31,464468,12.88915,suono originale Gucci,,jodieturnersmith guccilacma2023,
m_.gucci,https://www.tiktok.com/@m_.gucci,https://www.tiktok.com/@m_.gucci/video/7271966781307161889,ÿ®?ÿØÿ± ÿ≠ÿ®? ??ÿ±ÿ≥?? ÿß?ÿ™ÿ® ?ÿßÿ≠ÿ≥?? ? ?? ?ÿß?ÿ≠?ÿ∂ÿ© ÿ∑?ÿπÿ™  #?ÿ≠ÿ±? #ÿß?ÿπÿ±ÿß? #fypp #explore ,2023-08-27 7:45,video,18,59828,-0.44,52800,0.5,1378,1.28,3462,2188,2.17,903900,6.61887,Cornfield Chase Hans Zimmer,,?ÿ≠ÿ±? ÿß?ÿπÿ±ÿß? fypp explore,
gucci,https://www.tiktok.com/@gucci,http://tiktok.com/@Gucci/video/7249645793274006811,A Hero?ôs Journey with Jannik Sinner,2023-06-28 4:08,video,49,57131,-0.46,56729,0.53,524,0.48,402,114,0.11,9068636,0.62998,suono originale Gucci,,,
gucci,https://www.tiktok.com/@gucci,http://tiktok.com/@Gucci/video/7324732795811679520,Backstage emotions #GucciAncora #GucciFW24 #MFW ,2024-01-16 11:24,video,12,55242,-0.48,55100,0.52,133,0.12,142,187,0.18,3563395,1.55026,suono originale,Gucci,gucciancora guccifw24 mfw,
gucci,https://www.tiktok.com/@gucci,http://tiktok.com/@Gucci/video/7217097870393019654,Zooming in on heritage. #adidasxGucci #Gucci,2023-04-01 11:05,video,15,54674,-0.49,54412,0.51,526,0.48,262,215,0.21,3160431,1.72995,suono originale Gucci,,adidasxgucci gucci,
gucci,https://www.tiktok.com/@gucci,http://tiktok.com/@Gucci/video/7232619367014436122,Global Brand Ambassador #IU arrives in Seoul for #GucciCruise24,2023-05-13 6:57,video,32,53115,-0.5,51198,0.48,694,0.64,1917,454,0.45,541873,9.80211,suono originale Gucci,,iu guccicruise24,
gucci,https://www.tiktok.com/@gucci,http://tiktok.com/@Gucci/video/7324407208261717281,Risposta a @MV A match made on the runway #GucciFW24 #GucciAncora #MFW ,2024-01-15 14:20,video,11,50285,-0.53,50076,0.47,174,0.16,209,256,0.25,7994973,0.62896,,,guccifw24 gucciancora mfw ,
gucci,https://www.tiktok.com/@gucci,http://tiktok.com/@Gucci/video/7312930896418557216,In the heart of Milan. #Gucci ,2023-12-15 16:06,video,31,46582,-0.56,46211,0.43,538,0.5,371,102,0.1,8351636,0.55776,,,gucci,
gucci,https://www.tiktok.com/@gucci,http://tiktok.com/@Gucci/video/7282813686379482401,A touch of light #GucciAncora #GucciSS24 #SabatoDeSarno,2023-09-25 13:16,video,14,46351,-0.56,43363,0.41,1687,1.56,2988,477,0.47,634114,7.30957,suono originale Gucci,,gucciancora gucciss24 sabatodesarno,
gucci,https://www.tiktok.com/@gucci,http://tiktok.com/@Gucci/video/7221830640340126982,From past to present Florence to Shanghai. #GucciCosmos #XiaoZhan  ,2023-04-14 5:11,video,30,45636,-0.57,44417,0.42,716,0.66,1219,668,0.66,624242,7.31063,suono originale Gucci,,guccicosmos xiaozhan,
m_.gucci,https://www.tiktok.com/@m_.gucci,https://www.tiktok.com/@m_.gucci/video/7232326467139554587,ÿ≠???ÿßÿ™ ?ÿßÿ™ÿØÿÆ? ÿß?ÿ¨?ÿ© ?ò≥ ÿ¥?? ÿß?ÿ´ÿ± ÿ≠??? ÿßÿ™ÿ≠ÿ®ÿ© ???ÿ™?? ??ÿß? ÿ≠ÿ∑ ?ÿß?? ?ÿπ?? 20 ?ÿß? ÿ≠ÿ≥ÿßÿ®? ?ÿ≠ÿ∂?ÿ±  #tiktok #ÿß?ÿπÿ±ÿß? #explore #capcut #ÿ≠???ÿßÿ™ ,2023-05-12 12:00,video,68,42507,-0.6,38300,0.36,321,0.29,2638,1248,1.24,452900,9.38552,Tacky Degree DJ BAI,,tiktok ÿß?ÿπÿ±ÿß? explore capcut ÿ≠???ÿßÿ™,
gucci,https://www.tiktok.com/@gucci,http://tiktok.com/@Gucci/video/7244145630598139163,A #Gucci getaway at Loulou Ramatuelle on the C√¥te dAzur #GucciSummerStories,2023-06-13 8:24,video,30,40646,-0.62,40425,0.38,1074,0.99,221,146,0.14,7401833,0.54913,suono originale Gucci,,gucci guccisummerstories,
m_.gucci,https://www.tiktok.com/@m_.gucci,https://www.tiktok.com/@m_.gucci/video/7260556705140870427,???ÿ© ?ÿ¨??ÿ© ÿπÿß??ÿ¨?ÿ© ÿ®ÿß?ÿØ?? ÿß?ÿ≠ÿ± ? ÿ≠ÿØÿØ ÿπ??ÿß??? ??ÿØÿ≤??? ? ??? ?ÿß?ÿ≠ÿß?ÿ∂ÿ© ÿß?ÿ™ÿ© ÿ≠ÿ™? ÿß?ÿµ?ÿ± ??ÿß?ÿ®??  #?ÿ≠ÿ±? #ÿß?ÿπÿ±ÿß? #fypp #explore #ÿß?ÿ≠ÿ≥?? ,2023-07-27 13:48,video,22,40591,-0.62,34900,0.33,152,0.14,1761,3778,3.75,729900,5.56117,?ÿ¨ÿß???? ?ÿ≠?ÿØ ÿß?ÿ¨?ÿß??,,?ÿ≠ÿ±? ÿß?ÿπÿ±ÿß? fypp explore ÿß?ÿ≠ÿ≥??,
gucci,https://www.tiktok.com/@gucci,http://tiktok.com/@Gucci/video/7225633753509514522,What?ôs your favorite emoji? The 21 with #JuliaGarner. #GucciHorsebit1955 ,2023-04-24 11:09,video,28,40291,-0.62,40225,0.38,231,0.21,66,74,0.07,4231163,0.95224,suono originale Gucci,,juliagarner guccihorsebit1955,
gucci,https://www.tiktok.com/@gucci,http://tiktok.com/@Gucci/video/7298492196540452129,#EmmaChamberlain attending the 2023 LACMA Art+Film Gala. #GucciLacma2023,2023-11-06 18:17,video,12,35636,-0.66,34786,0.33,135,0.12,850,121,0.12,411940,8.65077,suono originale Gucci,,emmachamberlain guccilacma2023,
gucci,https://www.tiktok.com/@gucci,http://tiktok.com/@Gucci/video/7223134179288993030,A sneak peek before #GucciCosmos. #XiaoZhan ,2023-04-17 17:29,video,0,35626,-0.66,35033,0.33,590,0.54,593,425,0.42,346220,10.28999,Storytelling Adriel,,guccicosmos xiaozhan,
m_.gucci,https://www.tiktok.com/@m_.gucci,https://www.tiktok.com/@m_.gucci/video/7234108547473132826,ÿ®?ÿØÿ± ÿ≠ÿ®? ?ÿ±ÿ® ÿß?ÿπÿ®ÿßÿØ ! ÿ≠ÿ∑ ?ÿß?? ?ÿß?ÿ™ÿ® ?ÿ®?? ?ÿßÿ±ÿ≥?? ÿß??? ÿßÿ∞ÿß ??ÿ™ ?ÿ≥?? ÿ≠???? !   #ÿß?ÿπÿ±ÿß? #CapCut #fyp #explore #tiktok #ÿß?ÿ±ÿ≥?? ,2023-05-17 7:15,video,60,35139,-0.67,27800,0.26,730,0.67,2375,4234,4.2,152300,23.07223,tutorial sim ou nao user33732636388,,ÿß?ÿπÿ±ÿß? capcut fyp explore tiktok ÿß?ÿ±ÿ≥??,
m_.gucci,https://www.tiktok.com/@m_.gucci,https://www.tiktok.com/@m_.gucci/video/7218187128629447942,ÿ®?ÿØÿ± ÿ≠ÿ®? ?ÿß?? ?ÿß?? ?ÿ¥?? ?ÿßÿ™ÿ® ÿπ?? ÿßÿ≥??ÿ© ÿ®ÿß?ÿ™?????  #ÿ±?ÿ∂ÿß? #capcut #ÿß?ÿπÿ±ÿß? ,2023-04-04 9:32,video,30,35041,-0.67,29100,0.27,109,0.1,1857,3975,3.95,548600,6.38735,Love You So The King Khan & BBQ Show,,ÿ±?ÿ∂ÿß? capcut ÿß?ÿπÿ±ÿß?,
gucci,https://www.tiktok.com/@gucci,http://tiktok.com/@Gucci/video/7298482711063235872,Together again. #GucciGuilty #GucciLacma2023 #ASAPRocky #ElliotPage #JuliaGarner ,2023-11-06 17:40,video,16,34014,-0.68,32455,0.3,207,0.19,1559,190,0.18,365007,9.31873,suono originale Gucci,,gucciguilty guccilacma2023 asaprocky elliotpage juliagarner,
m_.gucci,https://www.tiktok.com/@m_.gucci,https://www.tiktok.com/@m_.gucci/video/7259070252300897563,ÿÆ?ÿ±ÿßÿ™ ÿß?ÿß?ÿß? ÿß?ÿ≠ÿ≥?? (ÿπ) ?? ?ÿß?ÿ≠ÿß?ÿ∂ÿ© ÿÆ?? ÿß?ÿµ?ÿ± ??ÿß?ÿ®?? ? ?ÿ®?ÿØÿ± ÿ≠ÿ®? ??ÿ±ÿ≥?? ÿ™ÿßÿ®ÿπ??ÿß ?ÿß?ÿ™ÿ® ?ÿßÿ≠ÿ≥??  #?ÿ≠ÿ±? #ÿß?ÿπÿ±ÿß? #ÿß??ÿ±ÿß?_ÿß??ÿ±?? #explore #fypp #ÿß????ÿ™ #ÿØÿ®? #ÿß?ÿ≥ÿπ?ÿØ?ÿ© #?ÿµÿ± #ÿ≥?ÿ±?ÿß #ÿß?ÿ≠ÿ≥?? ,2023-07-23 13:40,video,32,29277,-0.72,26600,0.25,152,0.14,1275,1250,1.24,335100,8.73679,Ader Akmel Ahmed Saad,,?ÿ≠ÿ±? ÿß?ÿπÿ±ÿß? ÿß??ÿ±ÿß?_ÿß??ÿ±?? explore fypp ÿß????ÿ™ ÿØÿ®? ÿß?ÿ≥ÿπ?ÿØ?ÿ© ?ÿµÿ± ÿ≥?ÿ±?ÿß ÿß?ÿ≠ÿ≥??,
m_.gucci,https://www.tiktok.com/@m_.gucci,https://www.tiktok.com/@m_.gucci/video/7230051715511242010,ÿ®2000 ÿØ??ÿßÿ± ??ÿ≥ ??ÿ≥? ? ?ÿ∞ÿß ÿßÿ™ÿπ?? 30 ?ÿ™ÿ≠ÿ∑ ?ÿß?? ÿ™ÿ¨?? ÿµ??ÿ© ??ÿ®?ÿ™ (ÿ™?? ??ÿ±? ????ÿ± ??ÿß?? ) #ÿß?ÿπÿ±ÿß? #?ÿ∑ÿπ? #ÿ®ÿ∫ÿØÿßÿØ #ÿØÿ®? ,2023-05-06 8:53,video,32,28907,-0.73,27300,0.25,136,0.12,1336,135,0.13,756300,3.82216,ÿÆ?ÿ≥ÿ© ?? ÿÆ??ÿ≥ Mohamed Ramadan,,ÿß?ÿπÿ±ÿß? ?ÿ∑ÿπ? ÿ®ÿ∫ÿØÿßÿØ ÿØÿ®?,
gucci,https://www.tiktok.com/@gucci,http://tiktok.com/@Gucci/video/7298146545407380768,Starry nights. #GucciLacma2023 ,2023-11-05 19:56,video,29,28422,-0.73,27501,0.26,213,0.19,921,282,0.28,764311,3.71864,suono originale Gucci,,guccilacma2023,
gucci,https://www.tiktok.com/@gucci,http://tiktok.com/@Gucci/video/7304705055129668897,Setting the scene #GucciGift ,2023-11-23 12:06,video,15,28151,-0.73,27877,0.26,555,0.51,274,309,0.3,5743070,0.49017,suono originale Gucci,,guccigift,
m_.gucci,https://www.tiktok.com/@m_.gucci,https://www.tiktok.com/@m_.gucci/video/7231509302618410266,ÿ®?ÿØÿ± ?ÿ®ÿ∞? ??ÿ∑ÿßÿ¶??ÿ© ÿ≠ÿ∑ ?ÿß?? ? ?ÿ®?ÿØÿ± ÿ≠ÿ®? ?ÿ±ÿ≥?? ÿß?ÿ™ÿ® ?ÿßÿπ??  #ÿß?ÿπÿ±ÿß? #CapCut #fyp #ÿØÿ®? ,2023-05-10 7:09,video,14,26367,-0.75,25100,0.23,203,0.18,849,215,0.21,504600,5.22533,ÿß?ÿµ?ÿ™ ÿß?ÿ£ÿµ?? ÿß?ÿπÿß???,,ÿß?ÿπÿ±ÿß? capcut fyp ÿØÿ®?,
gucci,https://www.tiktok.com/@gucci,http://tiktok.com/@Gucci/video/7226308092051344666,A story that begins in Florence and echoes throughout the world. #GucciCosmos #XiaoZhan #Gucci ,2023-04-26 6:46,video,25,26104,-0.75,25453,0.24,298,0.27,651,326,0.32,251237,10.39019,suono originale Gucci,,guccicosmos xiaozhan gucci,
gucci,https://www.tiktok.com/@gucci,http://tiktok.com/@Gucci/video/7234555967277518107,At Gyeongbokgung Palace in Seoul for #GucciCruise24 ,2023-05-18 12:12,video,21,25670,-0.76,25241,0.23,146,0.13,429,566,0.56,534055,4.80662,suono originale Gucci,,guccicruise24,
m_.gucci,https://www.tiktok.com/@m_.gucci,https://www.tiktok.com/@m_.gucci/video/7271285323836017952,ÿ®?ÿ∫ ÿπÿØÿØ ÿß?ÿ≤?ÿ± ÿß?? ÿß?ÿß? 50 ????? ? ÿ®?ÿØÿ± ÿ≠ÿ®? ?ÿ±ÿ® ÿß?ÿπÿ®ÿßÿØ ÿß?ÿ™ÿ® ?ÿßÿ≠ÿ≥?? ? ??? ?ÿß?ÿ≠?ÿ∂ÿ© ÿ±ÿßÿ≠ ÿßÿ™ÿ≤?ÿ± #?ÿ≠ÿ±? #ÿß?ÿπÿ±ÿß? #fypp #explore ,2023-08-25 11:40,video,58,24914,-0.76,20800,0.19,165,0.15,1499,2450,2.43,172900,14.40949,Cornfield Chase Hans Zimmer,,?ÿ≠ÿ±? ÿß?ÿπÿ±ÿß? fypp explore,
gucci,https://www.tiktok.com/@gucci,http://tiktok.com/@Gucci/video/7227386585526848795,#GucciCosmos through Bryanboy?ôs eyes. #Gucci ,2023-04-29 4:31,video,44,24057,-0.77,23992,0.22,170,0.15,65,78,0.07,1102394,2.18225,suono originale Gucci,,guccicosmos gucci,
gucci,https://www.tiktok.com/@gucci,http://tiktok.com/@Gucci/video/7232546009706941722,Global Brand Ambassador #Hanni in Seoul before #GucciCruise24,2023-05-13 2:12,video,32,23362,-0.78,22038,0.2,462,0.42,1324,433,0.43,246703,9.46969,suono originale Gucci,,hanni guccicruise24,
gucci,https://www.tiktok.com/@gucci,http://tiktok.com/@Gucci/video/7324200933888412961,Arriving at Fall Winter 2024 #GucciAncora #GucciFW24 #MFW ,2024-01-15 1:00,video,20,19508,-0.81,18924,0.17,84,0.07,584,189,0.18,443057,4.40305,,,gucciancora guccifw24 mfw,
m_.gucci,https://www.tiktok.com/@m_.gucci,https://www.tiktok.com/@m_.gucci/video/7258283072913689882,ÿ±?ÿπ ÿß??ÿ±ÿß? ??? ?ÿ®ÿ© ÿß?ÿß?ÿß? ÿß?ÿ≠ÿ≥?? (ÿπ) ÿ®?ÿØÿ± ÿ≠ÿ®? ?ÿß?? ÿß?ÿ®?ÿ™ ÿß?ÿ™ÿ® ÿß??ÿ±ÿß? ?ÿ™ÿßÿ®?ÿß ÿß???ÿØÿ≥ ?ÿß?ÿ≠ÿ≥?? ?ÿ´ÿ®ÿ™ ÿß?ÿßÿ≥?ÿß? #?ÿ≠ÿ±? #ÿß?ÿπÿ±ÿß? #ÿß??ÿ±ÿß?_ÿß??ÿ±?? #fypp #explore #ÿØÿ®? #ÿß????ÿ™ #ÿß?ÿ≥ÿπ?ÿØ?ÿ© #?ÿµÿ± #?ÿ®?ÿß? #ÿß?ÿ≠ÿ≥?? ,2023-07-21 10:45,video,28,19178,-0.82,16700,0.15,450,0.41,903,1125,1.11,231200,8.29498,Creepy and simple horror background music(1070744) howlingindicator,,?ÿ≠ÿ±? ÿß?ÿπÿ±ÿß? ÿß??ÿ±ÿß?_ÿß??ÿ±?? fypp explore ÿØÿ®? ÿß????ÿ™ ÿß?ÿ≥ÿπ?ÿØ?ÿ© ?ÿµÿ± ?ÿ®?ÿß? ÿß?ÿ≠ÿ≥??,
gucci,https://www.tiktok.com/@gucci,http://tiktok.com/@Gucci/video/7225261159166037274,#JuliaGarner in The 21 with her #GucciHorsebit1955 and #GucciGuilty scent,2023-04-23 11:03,video,29,18096,-0.83,18021,0.17,115,0.1,75,47,0.04,276003,6.55645,suono originale Gucci,,juliagarner guccihorsebit1955 gucciguilty,
m_.gucci,https://www.tiktok.com/@m_.gucci,https://www.tiktok.com/@m_.gucci/video/7259437826910014746,???ÿ® ÿß?ÿß?? ÿß??ÿßÿµÿ±?ÿ© ? ÿß?ÿ™ÿ® ÿßÿ≥? ?ÿ≠ÿß?ÿ∂ÿ™? ÿ≠ÿ™? ÿß?ÿµ?ÿ± ???ÿ®??  #?ÿ≠ÿ±? #ÿß?ÿπÿ±ÿß? #ÿß??ÿ±ÿß?_ÿß??ÿ±?? #explore #fypp #ÿß????ÿ™ #ÿØÿ®? ,2023-07-24 13:26,video,39,17535,-0.83,16100,0.15,47,0.04,956,432,0.42,186100,9.42235,?ÿ¨ÿß???? ?ÿ≠?ÿØ ÿß?ÿ¨?ÿß??,,?ÿ≠ÿ±? ÿß?ÿπÿ±ÿß? ÿß??ÿ±ÿß?_ÿß??ÿ±?? explore fypp ÿß????ÿ™ ÿØÿ®?,
m_.gucci,https://www.tiktok.com/@m_.gucci,https://www.tiktok.com/@m_.gucci/video/7265243072215141664,ÿß??ÿ≥?ÿ±ÿ© ÿß???????ÿ© ?? ÿß???ÿØ ÿß?? ÿß?ÿ≠ÿ≥?? ? ?? ÿß? ?ÿ≠ÿß?ÿ∂ÿ© ÿ±ÿßÿ≠ ÿ≠ÿ™ÿ±?ÿ≠ ?ÿ¥?  #?ÿ≠ÿ±? #ÿß?ÿπÿ±ÿß? #fypp ,2023-08-09 4:53,video,50,17147,-0.84,14800,0.14,77,0.07,905,1365,1.35,98100,17.4791,Cornfield Chase Hans Zimmer,,?ÿ≠ÿ±? ÿß?ÿπÿ±ÿß? fypp,
gucci,https://www.tiktok.com/@gucci,http://tiktok.com/@Gucci/video/7228731980777540890,Custom Gucci at the #MetGala. ??2023-05-02 19:32,video,23,16356,-0.84,15863,0.15,102,0.09,493,42,0.04,489862,3.3389,suono originale Gucci,,metgala,,
m_.gucci,https://www.tiktok.com/@m_.gucci,https://www.tiktok.com/@m_.gucci/video/7210739192329014534,ÿßÿÆÿ± ?ÿ∑ÿ±ÿ© ÿ¥ÿ™??ÿ© ? ???? ÿßÿ™ÿ≠ÿ∑ ?ÿß?? ?ÿßÿ™ÿ≠ÿØÿß? ÿ™?ÿ™ÿ® ÿ¥?? ÿß?? ÿ∞?ÿ±? ÿµÿßÿ±ÿ™ ÿπ?ÿØ? ÿ®ÿß?ÿ¥ÿ™ÿßÿ°  #ÿß?ÿπÿ±ÿß? #ÿ®ÿ∫ÿØÿßÿØ #tiktok ,2023-03-15 7:50,video,14,15389,-0.85,14600,0.13,63,0.05,679,47,0.04,605900,2.53986,?ÿ∞? ??ÿ≥ÿ™ ??ÿß?ÿ™? ???? ?ÿ∑?? ?ÿßÿ±? || LARRY,,ÿß?ÿπÿ±ÿß? ÿ®ÿ∫ÿØÿßÿØ tiktok,
gucci,https://www.tiktok.com/@gucci,https://www.tiktok.com/@gucci/video/7207468370805984517,Twinning in #GucciFW23 #Gucci  ,2023-03-06 11:18,video,34,14622,-0.86,14500,0.13,64,0.05,undefined,58,0.05,317900,4.59956,suono originale Gucci,,guccifw23 gucci,
gucci,https://www.tiktok.com/@gucci,http://tiktok.com/@Gucci/video/7289484979728420128,#GucciCosmos has landed in London. @callummullin ,2023-10-13 12:44,video,127,14044,-0.86,13880,0.13,286,0.26,164,112,0.11,1865158,0.75297,suono originale Gucci,,guccicosmos,
gucci,https://www.tiktok.com/@gucci,http://tiktok.com/@Gucci/video/7282761708681104673,Its a story of people #GucciAncora @pokimane #SineadBurke #JuliaGarner @Mark Ronson @Davikah Channel #SophieWilde #JodieTurnerSmith @Chiara Ferragni  @ameliadimz ,2023-09-25 9:55,video,166,13543,-0.87,13164,0.12,89,0.08,379,72,0.07,195187,6.93847,suono originale Gucci,,gucciancora sineadburke juliagarner sophiewilde jodieturnersmith,
gucci,https://www.tiktok.com/@gucci,http://tiktok.com/@Gucci/video/7211196956046150918,Crafting sparkle and shine. #GucciHighJewelry,2023-03-16 13:27,video,32,12626,-0.88,12172,0.11,105,0.09,454,37,0.03,109112,11.5716,suono originale Gucci,,guccihighjewelry,
m_.gucci,https://www.tiktok.com/@m_.gucci,https://www.tiktok.com/@m_.gucci/video/7262006664310656289,???? ÿß?ÿ¨? ?ÿß?ÿß?ÿß? ÿπ??  ? ÿ®?ÿØÿ± ÿ≠ÿ®? ??ÿ±ÿ≥?? ÿß?ÿ™ÿ® ?ÿßÿπ??  #CapCut #?ÿ≠ÿ±? #ÿß?ÿπÿ±ÿß? #fypp #explore ,2023-07-31 11:34,video,182,11597,-0.89,10400,0.09,97,0.09,800,300,0.29,95100,12.19453,Creepy and simple horror background music(1070744) howlingindicator,,capcut ?ÿ≠ÿ±? ÿß?ÿπÿ±ÿß? fypp explore,
gucci,https://www.tiktok.com/@gucci,http://tiktok.com/@Gucci/video/7298187597174607136,Billie + her #GucciHorsebit1955 in Demetra. #GucciLacma2023,2023-11-05 22:36,video,14,11416,-0.89,10270,0.09,119,0.11,1146,137,0.13,105375,10.83369,suono originale Gucci,,guccihorsebit1955 guccilacma2023,
gucci,https://www.tiktok.com/@gucci,http://tiktok.com/@Gucci/video/7324778163882577185,How does Gucci Beauty make you feel? #GucciBeauty #GucciFW2024   #MFW ,2024-01-16 14:20,video,44,10839,-0.89,10291,0.09,96,0.08,548,85,0.08,147550,7.34598,suono originale,Gucci,guccibeauty guccifw2024 mfw,
gucci,https://www.tiktok.com/@gucci,http://tiktok.com/@Gucci/video/7324602488588340512,Gathering for Fall Winter 2024 #GucciAncora #GucciFW24 #MFW ,2024-01-16 2:58,video,19,10651,-0.9,10249,0.09,80,0.07,402,162,0.16,209144,5.09266,,,gucciancora guccifw24 mfw,
gucci,https://www.tiktok.com/@gucci,http://tiktok.com/@Gucci/video/7288089020620426528,New Bond Street awaits you. #Gucci ,2023-10-09 18:27,video,32,9605,-0.91,9356,0.08,438,0.4,249,97,0.09,455005,2.11097,Aesthetic Tollan Kim,,gucci,
gucci,https://www.tiktok.com/@gucci,http://tiktok.com/@Gucci/video/7248709901957025051,Chiara Ferragni Wants Gender Equality for her Daughters Generation. #GucciChime,2023-06-25 15:36,video,34,9360,-0.91,8971,0.08,219,0.2,389,110,0.1,162978,5.74311,suono originale Gucci,,guccichime,
gucci,https://www.tiktok.com/@gucci,http://tiktok.com/@Gucci/video/7281024010798861601,When art meets fashion. #GucciAncora,2023-09-20 17:31,video,43,9195,-0.91,8913,0.08,569,0.52,282,46,0.04,760837,1.20854,suono originale Gucci,,gucciancora,
gucci,https://www.tiktok.com/@gucci,http://tiktok.com/@Gucci/video/7340606748996242720,Makeup check before the show #GucciFW24 #GucciBeauty #MFW ,2024-02-28 6:03,video,20,9189,-0.91,9135,0.08,60,0.05,54,14,0.01,4982346,0.18443,,,guccifw24 guccibeauty mfw,
gucci,https://www.tiktok.com/@gucci,http://tiktok.com/@Gucci/video/7289021492967279905,Where it all began. #GucciCosmos @callummullin ,2023-10-12 6:46,video,18,8920,-0.91,8794,0.08,182,0.16,126,83,0.08,853258,1.0454,suono originale Gucci,,guccicosmos,
gucci,https://www.tiktok.com/@gucci,http://tiktok.com/@Gucci/video/7338532379713195297,Ciao Sabato! #GucciFW24 #MFW ,2024-02-22 15:53,video,25,8249,-0.92,7742,0.07,106,0.09,507,358,0.35,269102,3.06538,,,guccifw24 mfw,
gucci,https://www.tiktok.com/@gucci,http://tiktok.com/@Gucci/video/7321654128256503072,Shimmering on the red carpet #TaylorSwift #GoldenGlobes2024 #GoldenGlobes #Gucci ,2024-01-08 4:17,video,42,8224,-0.92,7917,0.07,58,0.05,307,84,0.08,115649,7.11117,,,taylorswift goldenglobes2024 goldenglobes gucci,
gucci,https://www.tiktok.com/@gucci,http://tiktok.com/@Gucci/video/7252011902727965979,Jannik Sinner and his one-of-a-kind Gucci duffle,2023-07-04 13:10,video,13,7986,-0.92,7533,0.07,413,0.38,453,71,0.07,208032,3.83883,A moist healing song undefined,,,
gucci,https://www.tiktok.com/@gucci,http://tiktok.com/@Gucci/video/7339455279114849568,#DavikaHoorne and @The People Gallery moments before #GucciFW24. #MFW,2024-02-25 3:35,video,54,7612,-0.92,7428,0.07,66,0.06,184,74,0.07,86596,8.79024,,,davikahoorne  guccifw24 mfw,
gucci,https://www.tiktok.com/@gucci,http://tiktok.com/@Gucci/video/7219702109883600134,Not just a bag but a piece of history. #GucciHorsebit1955 ,2023-04-08 11:31,video,42,7419,-0.93,6671,0.06,614,0.57,748,99,0.09,183236,4.04888,suono originale Gucci,,guccihorsebit1955,
gucci,https://www.tiktok.com/@gucci,http://tiktok.com/@Gucci/video/7339980921602379041,#SalmaHayekPinault talks style tips and tacos with @The People Gallery  #GucciFW24 #MFW,2024-02-26 13:34,video,73,7114,-0.93,6871,0.06,100,0.09,243,174,0.17,76361,9.31627,,,salmahayekpinault  guccifw24 mfw,
gucci,https://www.tiktok.com/@gucci,http://tiktok.com/@Gucci/video/7279783888224963872,Daria and David. #GucciJewelry #GucciMarinaChain   ,2023-09-17 9:19,video,16,6878,-0.93,6778,0.06,133,0.12,100,44,0.04,2068117,0.33257,suono originale Gucci,,guccijewelry guccimarinachain,
gucci,https://www.tiktok.com/@gucci,http://tiktok.com/@Gucci/video/7232025740672273690,The newest #Gucci Global Brand Ambassador: #AliaBhatt  ,2023-05-11 16:33,video,12,6847,-0.93,6616,0.06,144,0.13,231,71,0.07,266245,2.57169,suono originale Gucci,,gucci aliabhatt,
gucci,https://www.tiktok.com/@gucci,http://tiktok.com/@Gucci/video/7334457674970549537,Reopening in the heart of SoHo. Discover the newly restored Gucci Wooster boutique.,2024-02-11 16:21,video,24,6842,-0.93,6651,0.06,174,0.16,191,76,0.07,480672,1.42342,,,,
gucci,https://www.tiktok.com/@gucci,http://tiktok.com/@Gucci/video/7298430855242976544,#AndrewGarfield arriving at the 2023 LACMA Art+Film Gala. #GucciLacma2023,2023-11-06 14:19,video,17,6754,-0.93,6404,0.06,104,0.09,350,85,0.08,114692,5.88882,suono originale Gucci,,andrewgarfield guccilacma2023,
gucci,https://www.tiktok.com/@gucci,http://tiktok.com/@Gucci/video/7280633924231908641,Ancora around the world #GucciAncora,2023-09-19 16:18,video,22,6525,-0.93,6275,0.05,183,0.17,250,73,0.07,117566,5.55007,suono originale Gucci,,gucciancora,
gucci,https://www.tiktok.com/@gucci,http://tiktok.com/@Gucci/video/7240852010176613658,Who do you #ChimeIn for? #GucciChime,2023-06-04 11:24,video,59,6409,-0.94,6305,0.05,427,0.39,104,40,0.03,5909679,0.10845,suono originale Gucci,,chimein guccichime,
gucci,https://www.tiktok.com/@gucci,http://tiktok.com/@Gucci/video/7298055099375422752,When the sun sets ?åÖ#GucciAncoraNotte #GucciLacma2023,2023-11-05 14:01,video,20,6161,-0.94,5937,0.05,69,0.06,224,83,0.08,111931,5.50428,suono originale Gucci,,gucciancoranotte guccilacma2023,
gucci,https://www.tiktok.com/@gucci,http://tiktok.com/@Gucci/video/7335014867641912608,Serving flowers warm beverages exclusive postcards and love #Gucci #GucciAncora ,2024-02-13 4:24,video,31,6077,-0.94,5864,0.05,198,0.18,213,68,0.06,402827,1.50859,,,gucci gucciancora,
gucci,https://www.tiktok.com/@gucci,http://tiktok.com/@Gucci/video/7339911211913334048,Friends of the House attending the show in Milan. #GucciFW24 #MFW ,2024-02-26 9:04,video,32,5910,-0.94,5619,0.05,90,0.08,291,556,0.55,65659,9.00105,,,guccifw24 mfw,
gucci,https://www.tiktok.com/@gucci,http://tiktok.com/@Gucci/video/7215613799544442118,A beautiful color story no matter the combination. ?íÖ#GucciBeauty ,2023-03-28 11:06,video,36,5812,-0.94,5419,0.05,240,0.22,393,55,0.05,143817,4.04125,suono originale Gucci,,guccibeauty,
gucci,https://www.tiktok.com/@gucci,http://tiktok.com/@Gucci/video/7239408315392920858,Tomorrow watch the worlds most prominent entertainers and activists #ChimeIn ,2023-05-31 14:01,video,23,5810,-0.94,5537,0.05,76,0.07,273,34,0.03,74389,7.81029,suono originale Gucci,,chimein,
gucci,https://www.tiktok.com/@gucci,http://tiktok.com/@Gucci/video/7239737731558034715,None of us can move forward when so many of us are held back. #GucciChime,2023-06-01 11:20,video,40,5719,-0.94,5599,0.05,146,0.13,120,57,0.05,2968318,0.19267,suono originale Gucci,,guccichime,
gucci,https://www.tiktok.com/@gucci,http://tiktok.com/@Gucci/video/7282047150295354656,Were just dancing #GucciAncora @ameliadimz #EmmaChamberlain ,2023-09-23 11:42,video,64,5313,-0.95,5075,0.04,61,0.05,238,42,0.04,119931,4.43005,suono originale Gucci,,gucciancora emmachamberlain,
gucci,https://www.tiktok.com/@gucci,http://tiktok.com/@Gucci/video/7315095679091674401,It?ôs the little things #GucciGift #GucciBamboo1947 #GucciJackie1961 #GucciHorsebit1955  ,2023-12-21 12:07,video,9,5305,-0.95,5047,0.04,172,0.15,258,57,0.05,113409,4.67776,,,guccigift guccibamboo1947 guccijackie1961 guccihorsebit1955,
gucci,https://www.tiktok.com/@gucci,http://tiktok.com/@Gucci/video/7298453301601832224,About #GucciAncoraNotte,2023-11-06 15:46,video,18,5282,-0.95,5030,0.04,107,0.09,252,88,0.08,84406,6.25785,suono originale Gucci,,gucciancoranotte,
gucci,https://www.tiktok.com/@gucci,http://tiktok.com/@Gucci/video/7328329998522207521,A custom #Gucci gown for #DuaLipa,2024-01-26 4:03,video,58,5017,-0.95,4779,0.04,63,0.05,238,79,0.07,95021,5.27989,,,gucci dualipa,
gucci,https://www.tiktok.com/@gucci,http://tiktok.com/@Gucci/video/7339580965154508065,You are the outfit. @Olympia G with @The People Gallery at #GucciFW24. #MFW,2024-02-25 11:42,video,43,4795,-0.95,4498,0.04,116,0.1,297,228,0.22,96856,4.95065,,,  guccifw24 mfw,
gucci,https://www.tiktok.com/@gucci,http://tiktok.com/@Gucci/video/7247942327329770778,Julia Roberts 18-year-old daughter inspires her in the fight for gender equality. #GucciChime ,2023-06-23 13:58,video,43,4659,-0.95,4310,0.04,153,0.14,349,51,0.05,144745,3.21876,suono originale Gucci,,guccichime,
gucci,https://www.tiktok.com/@gucci,http://tiktok.com/@Gucci/video/7240101505288654107,Every voice counts in this series of personal interviews from activists and artists around the world. #GucciChime,2023-06-02 10:51,video,44,4575,-0.95,4514,0.04,124,0.11,61,73,0.07,4373805,0.1046,suono originale Gucci,,guccichime,
gucci,https://www.tiktok.com/@gucci,http://tiktok.com/@Gucci/video/7335104927498390816,Walking the ?òMadame Web??carpet with #DakotaJohnson in custom #Gucci. ,2024-02-13 10:13,video,621,3958,-0.96,3769,0.03,57,0.05,189,42,0.04,106538,3.71511,,,dakotajohnson gucci,
gucci,https://www.tiktok.com/@gucci,http://tiktok.com/@Gucci/video/7281612900580494625,?úAncora significa molte cose. Significa di nuovo un?ôaltra volta ma √® anche pi√π personale non √® qualcosa che hai perso √® qualcosa che hai ma ne vuoi di pi√π perch√© ti rende felice.?? ??Sabato De Sarno Vogue #GucciAncora Live today at 3PM CEST,2023-09-22 7:37,video,13,3740,-0.96,3620,0.03,52,0.04,120,18,0.01,142909,2.61705,suono originale Gucci,,gucciancora,
gucci,https://www.tiktok.com/@gucci,http://tiktok.com/@Gucci/video/7260546203165691162,Living the #FloraFantasy with @Miley Cyrus ?íê,2023-07-27 13:07,video,15,3695,-0.96,3528,0.03,95,0.08,167,55,0.05,71923,5.13744,suono originale Gucci,,florafantasy,
gucci,https://www.tiktok.com/@gucci,http://tiktok.com/@Gucci/video/7280803654645353761,In the streets Ancora #GucciAncora,2023-09-20 3:16,video,22,3501,-0.96,3359,0.03,74,0.06,142,37,0.03,79769,4.38892,suono originale Gucci,,gucciancora,
gucci,https://www.tiktok.com/@gucci,http://tiktok.com/@Gucci/video/7302108175505886496,There are no limits to who you can become.   Apply now for the fifth chapter of the #GucciChangemakers North America initiative on equilibrium.gucci.com    #GucciEquilibrium #GucciCommunity,2023-11-16 12:09,video,17,3412,-0.96,3304,0.03,106,0.09,108,61,0.06,80402,4.24368,suono originale Gucci,,guccichangemakers gucciequilibrium guccicommunity,
gucci,https://www.tiktok.com/@gucci,http://tiktok.com/@Gucci/video/7272394240708152608,Color and definition. @Romaneinnc for #GucciBeauty,2023-08-28 11:23,video,19,3273,-0.96,3109,0.02,111,0.1,164,72,0.07,115655,2.82997,suono originale Gucci,,guccibeauty,
gucci,https://www.tiktok.com/@gucci,http://tiktok.com/@Gucci/video/7338943917057920289,Breakfast burritos with #EmmaChamberlain and @The People Gallery #GucciFW24 #MFW,2024-02-23 18:30,video,71,3264,-0.96,3139,0.02,23,0.02,125,39,0.03,52707,6.19273,,,emmachamberlain  guccifw24 mfw,
gucci,https://www.tiktok.com/@gucci,http://tiktok.com/@Gucci/video/7229016216440933659,Guests in custom Gucci moments before the 2023 #MetGala,2023-05-03 13:55,video,0,3182,-0.97,3096,0.02,30,0.02,86,17,0.01,51601,6.16655,Stylish Jazz HipHop Future Oriented Triad,,metgala,
gucci,https://www.tiktok.com/@gucci,http://tiktok.com/@Gucci/video/7328166405688282401,#PaulMescal in custom #Gucci ,2024-01-25 17:28,video,58,3176,-0.97,3052,0.02,29,0.02,124,38,0.03,53004,5.992,,,paulmescal gucci,
gucci,https://www.tiktok.com/@gucci,http://tiktok.com/@Gucci/video/7215241937501064454,A dreamlike spaceflight into the Gucci universe. #GucciHighWatchmaking #GucciTimepieces  ,2023-03-27 11:03,video,28,3172,-0.97,3036,0.02,102,0.09,136,35,0.03,60394,5.25218,suono originale Gucci,,guccihighwatchmaking guccitimepieces,
gucci,https://www.tiktok.com/@gucci,http://tiktok.com/@Gucci/video/7339234944021024033,Arriving at the #GucciFW24 show during #MFW ,2024-02-24 13:20,video,33,3042,-0.97,2926,0.02,34,0.03,116,46,0.04,48607,6.25836,suono originale,Gucci,guccifw24 mfw,
gucci,https://www.tiktok.com/@gucci,http://tiktok.com/@Gucci/video/7336102721017187617,#AustinButler in #GucciFW24 for ?òDune: Part Two??2024-02-16 02:45,video,8,2993,-0.97,2878,0.02,17,0.01,115,31,0.03,57171,5.23517,Chill,Naoneun,austinbutler guccifw24,,
gucci,https://www.tiktok.com/@gucci,http://tiktok.com/@Gucci/video/7289812489192164640,A constant dialogue. #GucciCosmos #GucciAncora,2023-10-14 9:55,video,20,2980,-0.97,2894,0.02,48,0.04,86,56,0.05,71753,4.15314,suono originale Gucci,,guccicosmos gucciancora,
gucci,https://www.tiktok.com/@gucci,http://tiktok.com/@Gucci/video/7263112149986282784,Not just a bag #GucciBamboo1947 #LiuWen ,2023-08-03 11:04,video,10,2939,-0.97,2801,0.02,120,0.11,138,44,0.04,209647,1.40188,suono originale Gucci,,guccibamboo1947 liuwen,
gucci,https://www.tiktok.com/@gucci,http://tiktok.com/@Gucci/video/7240472505503206682,Celebrate 10 years of impact with #GucciChime through reflectiosn from artists and activists. #ChimeIn ,2023-06-03 10:51,video,46,2920,-0.97,2847,0.02,106,0.09,73,29,0.02,3334347,0.08757,suono originale Gucci,,guccichime chimein,
gucci,https://www.tiktok.com/@gucci,https://www.tiktok.com/@gucci/video/7207932650953231622,Great minds think alike. #Gucci #GucciFW23 ,2023-03-07 17:20,video,27,2904,-0.97,2851,0.02,39,0.03,undefined,14,0.01,224000,1.29643,suono originale Gucci,,gucci guccifw23,
gucci,https://www.tiktok.com/@gucci,http://tiktok.com/@Gucci/video/7229052100653632794,Halle Bailey Daisy Edgar-Jones and Julia Garner on their custom Gucci looks for the 2023 #MetGala. ,2023-05-03 16:14,video,29,2817,-0.97,2673,0.02,48,0.04,144,20,0.01,89162,3.15942,suono originale Gucci,,metgala,
gucci,https://www.tiktok.com/@gucci,http://tiktok.com/@Gucci/video/7226681778499587354,It?ôs written in the stars. #GucciCosmos #LuHan #Gucci,2023-04-27 6:56,video,23,2753,-0.97,2598,0.02,93,0.08,155,73,0.07,91132,3.02089,suono originale Gucci,,guccicosmos luhan gucci,
gucci,https://www.tiktok.com/@gucci,http://tiktok.com/@Gucci/video/7282486949766532385,Favorite Italian thing? #GucciAncora #PaulMescal @ameliadimz ,2023-09-24 16:08,video,57,2752,-0.97,2614,0.02,63,0.05,138,28,0.02,71275,3.8611,suono originale Gucci,,gucciancora paulmescal,
gucci,https://www.tiktok.com/@gucci,http://tiktok.com/@Gucci/video/7311753845850377504,The spirit of #GucciGift,2023-12-12 11:59,carrousel,0,2731,-0.97,2566,0.02,55,0.05,165,38,0.03,82937,3.29286,Pink Drink Charmer & Klay,,guccigift,
gucci,https://www.tiktok.com/@gucci,http://tiktok.com/@Gucci/video/7235938956645354778,Reflections on fashion and culture at #GucciCruise24,2023-05-22 5:39,video,68,2646,-0.97,2533,0.02,150,0.13,113,35,0.03,67575,3.91565,suono originale Gucci,,guccicruise24,
gucci,https://www.tiktok.com/@gucci,http://tiktok.com/@Gucci/video/7245352425404599578,A multi-faceted exhibition celebrating the #GucciHorsebit Loafer Spazio Maiocchi Milan June 17-18 ,2023-06-16 14:27,video,30,2463,-0.97,2388,0.02,69,0.06,75,32,0.03,171904,1.43278,suono originale Gucci,,guccihorsebit,
gucci,https://www.tiktok.com/@gucci,https://www.tiktok.com/@gucci/video/7232959242947284250,Global Brand Ambassador #MinaShin visits a Seoul landmark before #GucciCruise24 ,2023-05-14 4:56,video,31,2388,-0.97,2269,0.02,26,0.02,69,24,0.02,89800,2.65924,suono originale Gucci,,minashin guccicruise24,
gucci,https://www.tiktok.com/@gucci,http://tiktok.com/@Gucci/video/7324992557912526113,It?ôs showtime #JessicaChastain #Emmys2024 #Gucci ,2024-01-17 4:12,video,18,2359,-0.97,2219,0.02,38,0.03,140,50,0.04,81616,2.89036,,,jessicachastain emmys2024 gucci,
gucci,https://www.tiktok.com/@gucci,http://tiktok.com/@Gucci/video/7317660894740090145,Plump smooth moisturize. Introducing Gloss √† L√®vres #GucciBeauty ,2023-12-28 10:01,video,31,2351,-0.97,2207,0.02,73,0.06,144,34,0.03,78976,2.97685,,,guccibeauty,
gucci,https://www.tiktok.com/@gucci,http://tiktok.com/@Gucci/video/7257561052601224475,Its a vibe ?èñÔ∏?#GucciSummerStories,2023-07-19 12:03,video,15,2265,-0.97,2143,0.02,103,0.09,122,32,0.03,89748,2.52373,suono originale Gucci,,guccisummerstories,
gucci,https://www.tiktok.com/@gucci,http://tiktok.com/@Gucci/video/7235639055172521242,Thoughts on #GucciCruise24,2023-05-21 10:15,video,71,1991,-0.98,1839,0.01,37,0.03,152,33,0.03,42224,4.71533,suono originale Gucci,,guccicruise24,
gucci,https://www.tiktok.com/@gucci,http://tiktok.com/@Gucci/video/7281583996419525921,?úMy first collection is a map. It?ôs personal it is about my designs my sensibilities my passions. These are the items I want to explore further at Gucci.????Sabato De Sarno #GucciAncora Live today at 3PM CEST,2023-09-22 5:44,video,17,1987,-0.98,1922,0.01,42,0.03,65,20,0.01,310573,0.63979,suono originale Gucci,,gucciancora,
gucci,https://www.tiktok.com/@gucci,http://tiktok.com/@Gucci/video/7229183737227906330,2023 Met Gala: A Peek Before the Red Carpet ?? ,2023-05-04 0:45,video,15,1826,-0.98,1737,0.01,109,0.1,89,29,0.02,96152,1.89908,suono originale Gucci,,,
gucci,https://www.tiktok.com/@gucci,http://tiktok.com/@Gucci/video/7337634206123609376,Behind-the-scene moments before the #BAFTA film Awards in custom #Gucci #EEBAFTAs ,2024-02-20 5:48,video,12,1677,-0.98,1621,0.01,7,0,56,21,0.02,49620,3.37969,,,bafta gucci eebaftas,
gucci,https://www.tiktok.com/@gucci,http://tiktok.com/@Gucci/video/7231585207164488987,All about #GucciBamboo1947. ,2023-05-10 12:04,video,12,1640,-0.98,1467,0.01,142,0.13,173,25,0.02,94701,1.73177,suono originale Gucci,,guccibamboo1947,
gucci,https://www.tiktok.com/@gucci,http://tiktok.com/@Gucci/video/7332207976482131232,Follow along as #RomyMadleyCroft gets ready for the #GRAMMYs. ,2024-02-05 14:51,video,27,1620,-0.98,1533,0.01,16,0.01,87,38,0.03,59480,2.7236,,,romymadleycroft grammys,
gucci,https://www.tiktok.com/@gucci,http://tiktok.com/@Gucci/video/7235179015349226778,Global Brand Ambassador #AliaBhatt at #GucciCruise24 ,2023-05-20 4:30,video,17,1612,-0.98,1553,0.01,46,0.04,59,38,0.03,49971,3.22587,suono originale Gucci,,aliabhatt guccicruise24,
gucci,https://www.tiktok.com/@gucci,http://tiktok.com/@Gucci/video/7228237981461548314,Celebrating #GucciCosmos in Shanghai.,2023-05-01 11:35,video,26,1589,-0.98,1495,0.01,86,0.07,94,74,0.07,85465,1.85924,suono originale Gucci,,guccicosmos,
gucci,https://www.tiktok.com/@gucci,http://tiktok.com/@Gucci/video/7337369850831981856,Opening night at the Berlin Film Festival with #LupitaNyongo in #Gucci ,2024-02-19 12:42,video,15,1529,-0.98,1452,0.01,31,0.02,77,33,0.03,32369,4.72366,,,lupitanyongo gucci,
gucci,https://www.tiktok.com/@gucci,http://tiktok.com/@Gucci/video/7229117299251236123,Daisy Edgar-Jones Julia Garner and Halle Bailey on how to get ready for the #MetGala. #MetGala2023 ,2023-05-03 20:27,video,46,1521,-0.98,1428,0.01,20,0.01,93,6,0,92842,1.63827,suono originale Gucci,,metgala metgala2023,
gucci,https://www.tiktok.com/@gucci,http://tiktok.com/@Gucci/video/7248340363453156634,Idris Elba Wants Women to Speak Freely. #GucciChime,2023-06-24 15:42,video,37,1499,-0.98,1424,0.01,92,0.08,75,30,0.02,51036,2.93714,suono originale Gucci,,guccichime,
gucci,https://www.tiktok.com/@gucci,http://tiktok.com/@Gucci/video/7226548879536196891,Destination: #GucciCosmos #NiNi #Gucci ,2023-04-26 22:20,video,25,1263,-0.98,1175,0.01,36,0.03,88,15,0.01,176132,0.71708,suono originale Gucci,,guccicosmos nini gucci,
gucci,https://www.tiktok.com/@gucci,http://tiktok.com/@Gucci/video/7239319000780508442,Tomorrow Gucci marks 10 years of our global campaign for gender equality. #GucciChime ,2023-05-31 8:15,video,14,1219,-0.98,1155,0.01,47,0.04,64,16,0.01,34685,3.51449,suono originale Gucci,,guccichime,
gucci,https://www.tiktok.com/@gucci,http://tiktok.com/@Gucci/video/7340931264582552864,@The People Gallery interviews #PoppyDelevingne moments before the #GucciFW24 fashion show. #MFW,2024-02-29 3:02,video,46,1100,-0.98,1067,0.01,10,0,33,24,0.02,24459,4.49732,,, poppydelevingne guccifw24 mfw,
gucci,https://www.tiktok.com/@gucci,http://tiktok.com/@Gucci/video/7226215222384577818,The future holds #GucciCosmos. #ChrisLee #Gucci  ,2023-04-26 0:45,video,23,724,-0.99,684,0,10,0,40,18,0.01,26430,2.73931,suono originale Gucci,,guccicosmos chrislee gucci,
gucci,https://www.tiktok.com/@gucci,http://tiktok.com/@Gucci/video/7324659069455715616,Backstage emotions #GucciAncora #GucciFW24 #MFW ,2024-01-16 6:38,video,12,101,-0.99,98,0,0,0,3,4,0,860,11.74419,,,gucciancora guccifw24 mfw,
